(bottle_python_3_12) root@nj-p-zdtc-h20-059:~/bottle/examples# python howto.py
./bottle.py py: sys.version_info(major=3, minor=12, micro=12, releaselevel='final', serial=0)
./bottle.py py3k: True
./bottle.py tonat: <function touni at 0x7ff50fc737e0>
./bottle.py cached_property __init__ func: <function Route.call at 0x7ff50fc78900>
./bottle.py update_wrapper wrapper: <bottle.cached_property object at 0x7ff50fe18110>
./bottle.py update_wrapper wrapped: <function Route.call at 0x7ff50fc78900>
./bottle.py update_wrapper a: ()
./bottle.py update_wrapper ka: {}
./bottle.py lazy_attribute __init__ func: <function Bottle._global_config at 0x7ff50fc78ea0>
./bottle.py DictProperty __init__ attr: config
./bottle.py DictProperty __init__ key: catchall
./bottle.py DictProperty __init__ read_only: False
./bottle.py cached_property __init__ func: <function Bottle._hooks at 0x7ff50fc78fe0>
./bottle.py update_wrapper wrapper: <bottle.cached_property object at 0x7ff510acb320>
./bottle.py update_wrapper wrapped: <function Bottle._hooks at 0x7ff50fc78fe0>
./bottle.py update_wrapper a: ()
./bottle.py update_wrapper ka: {}
./bottle.py DictProperty __init__ attr: environ
./bottle.py DictProperty __init__ key: bottle.app
./bottle.py DictProperty __init__ read_only: True
./bottle.py DictProperty __call__ func: <function BaseRequest.app at 0x7ff50fc7a480>
./bottle.py DictProperty __init__ attr: environ
./bottle.py DictProperty __init__ key: bottle.route
./bottle.py DictProperty __init__ read_only: True
./bottle.py DictProperty __call__ func: <function BaseRequest.route at 0x7ff50fc7a520>
./bottle.py DictProperty __init__ attr: environ
./bottle.py DictProperty __init__ key: route.url_args
./bottle.py DictProperty __init__ read_only: True
./bottle.py DictProperty __call__ func: <function BaseRequest.url_args at 0x7ff50fc7a5c0>
./bottle.py DictProperty __init__ attr: environ
./bottle.py DictProperty __init__ key: bottle.request.headers
./bottle.py DictProperty __init__ read_only: True
./bottle.py DictProperty __call__ func: <function BaseRequest.headers at 0x7ff50fc7a7a0>
./bottle.py DictProperty __init__ attr: environ
./bottle.py DictProperty __init__ key: bottle.request.cookies
./bottle.py DictProperty __init__ read_only: True
./bottle.py DictProperty __call__ func: <function BaseRequest.cookies at 0x7ff50fc7a8e0>
./bottle.py DictProperty __init__ attr: environ
./bottle.py DictProperty __init__ key: bottle.request.query
./bottle.py DictProperty __init__ read_only: True
./bottle.py DictProperty __call__ func: <function BaseRequest.query at 0x7ff50fc7aa20>
./bottle.py DictProperty __init__ attr: environ
./bottle.py DictProperty __init__ key: bottle.request.forms
./bottle.py DictProperty __init__ read_only: True
./bottle.py DictProperty __call__ func: <function BaseRequest.forms at 0x7ff50fc7aac0>
./bottle.py DictProperty __init__ attr: environ
./bottle.py DictProperty __init__ key: bottle.request.params
./bottle.py DictProperty __init__ read_only: True
./bottle.py DictProperty __call__ func: <function BaseRequest.params at 0x7ff50fc7ab60>
./bottle.py DictProperty __init__ attr: environ
./bottle.py DictProperty __init__ key: bottle.request.files
./bottle.py DictProperty __init__ read_only: True
./bottle.py DictProperty __call__ func: <function BaseRequest.files at 0x7ff50fc7ac00>
./bottle.py DictProperty __init__ attr: environ
./bottle.py DictProperty __init__ key: bottle.request.json
./bottle.py DictProperty __init__ read_only: True
./bottle.py DictProperty __call__ func: <function BaseRequest.json at 0x7ff50fc7aca0>
./bottle.py DictProperty __init__ attr: environ
./bottle.py DictProperty __init__ key: bottle.request.body
./bottle.py DictProperty __init__ read_only: True
./bottle.py DictProperty __call__ func: <function BaseRequest._body at 0x7ff50fc7ae80>
./bottle.py DictProperty __init__ attr: environ
./bottle.py DictProperty __init__ key: bottle.request.post
./bottle.py DictProperty __init__ read_only: True
./bottle.py DictProperty __call__ func: <function BaseRequest.POST at 0x7ff50fc7b1a0>
./bottle.py DictProperty __init__ attr: environ
./bottle.py DictProperty __init__ key: bottle.request.urlparts
./bottle.py DictProperty __init__ read_only: True
./bottle.py DictProperty __call__ func: <function BaseRequest.urlparts at 0x7ff50fc7b380>
./bottle.py HeaderProperty __init__ name: Content-Type
./bottle.py HeaderProperty __init__ reader: None
./bottle.py HeaderProperty __init__ writer: None
./bottle.py HeaderProperty __init__ default:
./bottle.py HeaderProperty __init__ name: Content-Length
./bottle.py HeaderProperty __init__ reader: <class 'int'>
./bottle.py HeaderProperty __init__ writer: None
./bottle.py HeaderProperty __init__ default: -1
./bottle.py HeaderProperty __init__ name: Expires
./bottle.py HeaderProperty __init__ reader: <function BaseResponse.<lambda> at 0x7ff50fc85300>
./bottle.py HeaderProperty __init__ writer: <function BaseResponse.<lambda> at 0x7ff50fc853a0>
./bottle.py HeaderProperty __init__ default:
./bottle.py Request: <class 'bottle.BaseRequest'>
./bottle.py Response: <class 'bottle.BaseResponse'>
./bottle.py _UNSET: <object object at 0x7ff510aacbe0>
./bottle.py HeaderProperty __init__ name: Content-Type
./bottle.py HeaderProperty __init__ reader: None
./bottle.py HeaderProperty __init__ writer: None
./bottle.py HeaderProperty __init__ default:
./bottle.py HeaderProperty __init__ name: Content-Length
./bottle.py HeaderProperty __init__ reader: <class 'int'>
./bottle.py HeaderProperty __init__ writer: None
./bottle.py HeaderProperty __init__ default: -1
./bottle.py cached_property __init__ func: <function FileUpload.filename at 0x7ff50fc89ee0>
./bottle.py update_wrapper wrapper: <bottle.cached_property object at 0x7ff50fc6d820>
./bottle.py update_wrapper wrapped: <function FileUpload.filename at 0x7ff50fc89ee0>
./bottle.py update_wrapper a: ()
./bottle.py update_wrapper ka: {}
./bottle.py make_default_app_wrapper name: route
./bottle.py make_default_app_wrapper name: get
./bottle.py make_default_app_wrapper name: post
./bottle.py make_default_app_wrapper name: put
./bottle.py make_default_app_wrapper name: delete
./bottle.py make_default_app_wrapper name: patch
./bottle.py make_default_app_wrapper name: error
./bottle.py make_default_app_wrapper name: mount
./bottle.py make_default_app_wrapper name: hook
./bottle.py make_default_app_wrapper name: install
./bottle.py make_default_app_wrapper name: uninstall
./bottle.py make_default_app_wrapper name: get_url
./bottle.py route: <function Bottle.route at 0x7ff50fc8ad40>
./bottle.py get: <function Bottle.get at 0x7ff50fc8ade0>
./bottle.py post: <function Bottle.post at 0x7ff50fc8ae80>
./bottle.py put: <function Bottle.put at 0x7ff50fc8af20>
./bottle.py delete: <function Bottle.delete at 0x7ff50fc8afc0>
./bottle.py patch: <function Bottle.patch at 0x7ff50fc8b060>
./bottle.py error: <function Bottle.error at 0x7ff50fc8b100>
./bottle.py mount: <function Bottle.mount at 0x7ff50fc8b1a0>
./bottle.py hook: <function Bottle.hook at 0x7ff50fc8b240>
./bottle.py install: <function Bottle.install at 0x7ff50fc8b2e0>
./bottle.py uninstall: <function Bottle.uninstall at 0x7ff50fc8b380>
./bottle.py url: <function Bottle.get_url at 0x7ff50fc8b420>
./bottle.py server_names: {'cgi': <class 'bottle.CGIServer'>, 'flup': <class 'bottle.FlupFCGIServer'>, 'wsgiref': <class 'bottle.WSGIRefServer'>, 'waitress': <class 'bottle.WaitressServer'>, 'cherrypy': <class 'bottle.CherryPyServer'>, 'cheroot': <class 'bottle.CherootServer'>, 'paste': <class 'bottle.PasteServer'>, 'fapws3': <class 'bottle.FapwsServer'>, 'tornado': <class 'bottle.TornadoServer'>, 'gae': <class 'bottle.AppEngineServer'>, 'twisted': <class 'bottle.TwistedServer'>, 'diesel': <class 'bottle.DieselServer'>, 'meinheld': <class 'bottle.MeinheldServer'>, 'gunicorn': <class 'bottle.GunicornServer'>, 'eventlet': <class 'bottle.EventletServer'>, 'gevent': <class 'bottle.GeventServer'>, 'bjoern': <class 'bottle.BjoernServer'>, 'aiohttp': <class 'bottle.AiohttpServer'>, 'uvloop': <class 'bottle.AiohttpUVLoopServer'>, 'auto': <class 'bottle.AutoServer'>}
./bottle.py _debug: <function debug at 0x7ff50fc8a2a0>
./bottle.py cached_property __init__ func: <function SimpleTemplate.co at 0x7ff50fc95d00>
./bottle.py update_wrapper wrapper: <bottle.cached_property object at 0x7ff50fc6e360>
./bottle.py update_wrapper wrapped: <function SimpleTemplate.co at 0x7ff50fc95d00>
./bottle.py update_wrapper a: ()
./bottle.py update_wrapper ka: {}
./bottle.py cached_property __init__ func: <function SimpleTemplate.code at 0x7ff50fc95da0>
./bottle.py update_wrapper wrapper: <bottle.cached_property object at 0x7ff50fc6e390>
./bottle.py update_wrapper wrapped: <function SimpleTemplate.code at 0x7ff50fc95da0>
./bottle.py update_wrapper a: ()
./bottle.py update_wrapper ka: {}
./bottle.py mako_template: functools.partial(<function template at 0x7ff50fc95120>, template_adapter=<class 'bottle.MakoTemplate'>)
./bottle.py cheetah_template: functools.partial(<function template at 0x7ff50fc95120>, template_adapter=<class 'bottle.CheetahTemplate'>)
./bottle.py jinja2_template: functools.partial(<function template at 0x7ff50fc95120>, template_adapter=<class 'bottle.Jinja2Template'>)
./bottle.py mako_view: functools.partial(<function view at 0x7ff50fc96660>, template_adapter=<class 'bottle.MakoTemplate'>)
./bottle.py cheetah_view: functools.partial(<function view at 0x7ff50fc96660>, template_adapter=<class 'bottle.CheetahTemplate'>)
./bottle.py jinja2_view: functools.partial(<function view at 0x7ff50fc96660>, template_adapter=<class 'bottle.Jinja2Template'>)
./bottle.py TEMPLATE_PATH: ['./', './views/']
./bottle.py TEMPLATES: {}
./bottle.py DEBUG: False
./bottle.py NORUN: False
./bottle.py HTTP_CODES: {<HTTPStatus.CONTINUE: 100>: 'Continue', <HTTPStatus.SWITCHING_PROTOCOLS: 101>: 'Switching Protocols', <HTTPStatus.PROCESSING: 102>: 'Processing', <HTTPStatus.EARLY_HINTS: 103>: 'Early Hints', <HTTPStatus.OK: 200>: 'OK', <HTTPStatus.CREATED: 201>: 'Created', <HTTPStatus.ACCEPTED: 202>: 'Accepted', <HTTPStatus.NON_AUTHORITATIVE_INFORMATION: 203>: 'Non-Authoritative Information', <HTTPStatus.NO_CONTENT: 204>: 'No Content', <HTTPStatus.RESET_CONTENT: 205>: 'Reset Content', <HTTPStatus.PARTIAL_CONTENT: 206>: 'Partial Content', <HTTPStatus.MULTI_STATUS: 207>: 'Multi-Status', <HTTPStatus.ALREADY_REPORTED: 208>: 'Already Reported', <HTTPStatus.IM_USED: 226>: 'IM Used', <HTTPStatus.MULTIPLE_CHOICES: 300>: 'Multiple Choices', <HTTPStatus.MOVED_PERMANENTLY: 301>: 'Moved Permanently', <HTTPStatus.FOUND: 302>: 'Found', <HTTPStatus.SEE_OTHER: 303>: 'See Other', <HTTPStatus.NOT_MODIFIED: 304>: 'Not Modified', <HTTPStatus.USE_PROXY: 305>: 'Use Proxy', <HTTPStatus.TEMPORARY_REDIRECT: 307>: 'Temporary Redirect', <HTTPStatus.PERMANENT_REDIRECT: 308>: 'Permanent Redirect', <HTTPStatus.BAD_REQUEST: 400>: 'Bad Request', <HTTPStatus.UNAUTHORIZED: 401>: 'Unauthorized', <HTTPStatus.PAYMENT_REQUIRED: 402>: 'Payment Required', <HTTPStatus.FORBIDDEN: 403>: 'Forbidden', <HTTPStatus.NOT_FOUND: 404>: 'Not Found', <HTTPStatus.METHOD_NOT_ALLOWED: 405>: 'Method Not Allowed', <HTTPStatus.NOT_ACCEPTABLE: 406>: 'Not Acceptable', <HTTPStatus.PROXY_AUTHENTICATION_REQUIRED: 407>: 'Proxy Authentication Required', <HTTPStatus.REQUEST_TIMEOUT: 408>: 'Request Timeout', <HTTPStatus.CONFLICT: 409>: 'Conflict', <HTTPStatus.GONE: 410>: 'Gone', <HTTPStatus.LENGTH_REQUIRED: 411>: 'Length Required', <HTTPStatus.PRECONDITION_FAILED: 412>: 'Precondition Failed', <HTTPStatus.REQUEST_ENTITY_TOO_LARGE: 413>: 'Request Entity Too Large', <HTTPStatus.REQUEST_URI_TOO_LONG: 414>: 'Request-URI Too Long', <HTTPStatus.UNSUPPORTED_MEDIA_TYPE: 415>: 'Unsupported Media Type', <HTTPStatus.REQUESTED_RANGE_NOT_SATISFIABLE: 416>: 'Requested Range Not Satisfiable', <HTTPStatus.EXPECTATION_FAILED: 417>: 'Expectation Failed', <HTTPStatus.IM_A_TEAPOT: 418>: "I'm a Teapot", <HTTPStatus.MISDIRECTED_REQUEST: 421>: 'Misdirected Request', <HTTPStatus.UNPROCESSABLE_ENTITY: 422>: 'Unprocessable Entity', <HTTPStatus.LOCKED: 423>: 'Locked', <HTTPStatus.FAILED_DEPENDENCY: 424>: 'Failed Dependency', <HTTPStatus.TOO_EARLY: 425>: 'Too Early', <HTTPStatus.UPGRADE_REQUIRED: 426>: 'Upgrade Required', <HTTPStatus.PRECONDITION_REQUIRED: 428>: 'Precondition Required', <HTTPStatus.TOO_MANY_REQUESTS: 429>: 'Too Many Requests', <HTTPStatus.REQUEST_HEADER_FIELDS_TOO_LARGE: 431>: 'Request Header Fields Too Large', <HTTPStatus.UNAVAILABLE_FOR_LEGAL_REASONS: 451>: 'Unavailable For Legal Reasons', <HTTPStatus.INTERNAL_SERVER_ERROR: 500>: 'Internal Server Error', <HTTPStatus.NOT_IMPLEMENTED: 501>: 'Not Implemented', <HTTPStatus.BAD_GATEWAY: 502>: 'Bad Gateway', <HTTPStatus.SERVICE_UNAVAILABLE: 503>: 'Service Unavailable', <HTTPStatus.GATEWAY_TIMEOUT: 504>: 'Gateway Timeout', <HTTPStatus.HTTP_VERSION_NOT_SUPPORTED: 505>: 'HTTP Version Not Supported', <HTTPStatus.VARIANT_ALSO_NEGOTIATES: 506>: 'Variant Also Negotiates', <HTTPStatus.INSUFFICIENT_STORAGE: 507>: 'Insufficient Storage', <HTTPStatus.LOOP_DETECTED: 508>: 'Loop Detected', <HTTPStatus.NOT_EXTENDED: 510>: 'Not Extended', <HTTPStatus.NETWORK_AUTHENTICATION_REQUIRED: 511>: 'Network Authentication Required'}
./bottle.py HTTP_CODES: {<HTTPStatus.CONTINUE: 100>: 'Continue', <HTTPStatus.SWITCHING_PROTOCOLS: 101>: 'Switching Protocols', <HTTPStatus.PROCESSING: 102>: 'Processing', <HTTPStatus.EARLY_HINTS: 103>: 'Early Hints', <HTTPStatus.OK: 200>: 'OK', <HTTPStatus.CREATED: 201>: 'Created', <HTTPStatus.ACCEPTED: 202>: 'Accepted', <HTTPStatus.NON_AUTHORITATIVE_INFORMATION: 203>: 'Non-Authoritative Information', <HTTPStatus.NO_CONTENT: 204>: 'No Content', <HTTPStatus.RESET_CONTENT: 205>: 'Reset Content', <HTTPStatus.PARTIAL_CONTENT: 206>: 'Partial Content', <HTTPStatus.MULTI_STATUS: 207>: 'Multi-Status', <HTTPStatus.ALREADY_REPORTED: 208>: 'Already Reported', <HTTPStatus.IM_USED: 226>: 'IM Used', <HTTPStatus.MULTIPLE_CHOICES: 300>: 'Multiple Choices', <HTTPStatus.MOVED_PERMANENTLY: 301>: 'Moved Permanently', <HTTPStatus.FOUND: 302>: 'Found', <HTTPStatus.SEE_OTHER: 303>: 'See Other', <HTTPStatus.NOT_MODIFIED: 304>: 'Not Modified', <HTTPStatus.USE_PROXY: 305>: 'Use Proxy', <HTTPStatus.TEMPORARY_REDIRECT: 307>: 'Temporary Redirect', <HTTPStatus.PERMANENT_REDIRECT: 308>: 'Permanent Redirect', <HTTPStatus.BAD_REQUEST: 400>: 'Bad Request', <HTTPStatus.UNAUTHORIZED: 401>: 'Unauthorized', <HTTPStatus.PAYMENT_REQUIRED: 402>: 'Payment Required', <HTTPStatus.FORBIDDEN: 403>: 'Forbidden', <HTTPStatus.NOT_FOUND: 404>: 'Not Found', <HTTPStatus.METHOD_NOT_ALLOWED: 405>: 'Method Not Allowed', <HTTPStatus.NOT_ACCEPTABLE: 406>: 'Not Acceptable', <HTTPStatus.PROXY_AUTHENTICATION_REQUIRED: 407>: 'Proxy Authentication Required', <HTTPStatus.REQUEST_TIMEOUT: 408>: 'Request Timeout', <HTTPStatus.CONFLICT: 409>: 'Conflict', <HTTPStatus.GONE: 410>: 'Gone', <HTTPStatus.LENGTH_REQUIRED: 411>: 'Length Required', <HTTPStatus.PRECONDITION_FAILED: 412>: 'Precondition Failed', <HTTPStatus.REQUEST_ENTITY_TOO_LARGE: 413>: 'Request Entity Too Large', <HTTPStatus.REQUEST_URI_TOO_LONG: 414>: 'Request-URI Too Long', <HTTPStatus.UNSUPPORTED_MEDIA_TYPE: 415>: 'Unsupported Media Type', <HTTPStatus.REQUESTED_RANGE_NOT_SATISFIABLE: 416>: 'Requested Range Not Satisfiable', <HTTPStatus.EXPECTATION_FAILED: 417>: 'Expectation Failed', <HTTPStatus.IM_A_TEAPOT: 418>: "I'm a teapot", <HTTPStatus.MISDIRECTED_REQUEST: 421>: 'Misdirected Request', <HTTPStatus.UNPROCESSABLE_ENTITY: 422>: 'Unprocessable Entity', <HTTPStatus.LOCKED: 423>: 'Locked', <HTTPStatus.FAILED_DEPENDENCY: 424>: 'Failed Dependency', <HTTPStatus.TOO_EARLY: 425>: 'Too Early', <HTTPStatus.UPGRADE_REQUIRED: 426>: 'Upgrade Required', <HTTPStatus.PRECONDITION_REQUIRED: 428>: 'Precondition Required', <HTTPStatus.TOO_MANY_REQUESTS: 429>: 'Too Many Requests', <HTTPStatus.REQUEST_HEADER_FIELDS_TOO_LARGE: 431>: 'Request Header Fields Too Large', <HTTPStatus.UNAVAILABLE_FOR_LEGAL_REASONS: 451>: 'Unavailable For Legal Reasons', <HTTPStatus.INTERNAL_SERVER_ERROR: 500>: 'Internal Server Error', <HTTPStatus.NOT_IMPLEMENTED: 501>: 'Not Implemented', <HTTPStatus.BAD_GATEWAY: 502>: 'Bad Gateway', <HTTPStatus.SERVICE_UNAVAILABLE: 503>: 'Service Unavailable', <HTTPStatus.GATEWAY_TIMEOUT: 504>: 'Gateway Timeout', <HTTPStatus.HTTP_VERSION_NOT_SUPPORTED: 505>: 'HTTP Version Not Supported', <HTTPStatus.VARIANT_ALSO_NEGOTIATES: 506>: 'Variant Also Negotiates', <HTTPStatus.INSUFFICIENT_STORAGE: 507>: 'Insufficient Storage', <HTTPStatus.LOOP_DETECTED: 508>: 'Loop Detected', <HTTPStatus.NOT_EXTENDED: 510>: 'Not Extended', <HTTPStatus.NETWORK_AUTHENTICATION_REQUIRED: 511>: 'Network Authentication Required'}
./bottle.py _HTTP_STATUS_LINES: {<HTTPStatus.CONTINUE: 100>: '100 Continue', <HTTPStatus.SWITCHING_PROTOCOLS: 101>: '101 Switching Protocols', <HTTPStatus.PROCESSING: 102>: '102 Processing', <HTTPStatus.EARLY_HINTS: 103>: '103 Early Hints', <HTTPStatus.OK: 200>: '200 OK', <HTTPStatus.CREATED: 201>: '201 Created', <HTTPStatus.ACCEPTED: 202>: '202 Accepted', <HTTPStatus.NON_AUTHORITATIVE_INFORMATION: 203>: '203 Non-Authoritative Information', <HTTPStatus.NO_CONTENT: 204>: '204 No Content', <HTTPStatus.RESET_CONTENT: 205>: '205 Reset Content', <HTTPStatus.PARTIAL_CONTENT: 206>: '206 Partial Content', <HTTPStatus.MULTI_STATUS: 207>: '207 Multi-Status', <HTTPStatus.ALREADY_REPORTED: 208>: '208 Already Reported', <HTTPStatus.IM_USED: 226>: '226 IM Used', <HTTPStatus.MULTIPLE_CHOICES: 300>: '300 Multiple Choices', <HTTPStatus.MOVED_PERMANENTLY: 301>: '301 Moved Permanently', <HTTPStatus.FOUND: 302>: '302 Found', <HTTPStatus.SEE_OTHER: 303>: '303 See Other', <HTTPStatus.NOT_MODIFIED: 304>: '304 Not Modified', <HTTPStatus.USE_PROXY: 305>: '305 Use Proxy', <HTTPStatus.TEMPORARY_REDIRECT: 307>: '307 Temporary Redirect', <HTTPStatus.PERMANENT_REDIRECT: 308>: '308 Permanent Redirect', <HTTPStatus.BAD_REQUEST: 400>: '400 Bad Request', <HTTPStatus.UNAUTHORIZED: 401>: '401 Unauthorized', <HTTPStatus.PAYMENT_REQUIRED: 402>: '402 Payment Required', <HTTPStatus.FORBIDDEN: 403>: '403 Forbidden', <HTTPStatus.NOT_FOUND: 404>: '404 Not Found', <HTTPStatus.METHOD_NOT_ALLOWED: 405>: '405 Method Not Allowed', <HTTPStatus.NOT_ACCEPTABLE: 406>: '406 Not Acceptable', <HTTPStatus.PROXY_AUTHENTICATION_REQUIRED: 407>: '407 Proxy Authentication Required', <HTTPStatus.REQUEST_TIMEOUT: 408>: '408 Request Timeout', <HTTPStatus.CONFLICT: 409>: '409 Conflict', <HTTPStatus.GONE: 410>: '410 Gone', <HTTPStatus.LENGTH_REQUIRED: 411>: '411 Length Required', <HTTPStatus.PRECONDITION_FAILED: 412>: '412 Precondition Failed', <HTTPStatus.REQUEST_ENTITY_TOO_LARGE: 413>: '413 Request Entity Too Large', <HTTPStatus.REQUEST_URI_TOO_LONG: 414>: '414 Request-URI Too Long', <HTTPStatus.UNSUPPORTED_MEDIA_TYPE: 415>: '415 Unsupported Media Type', <HTTPStatus.REQUESTED_RANGE_NOT_SATISFIABLE: 416>: '416 Requested Range Not Satisfiable', <HTTPStatus.EXPECTATION_FAILED: 417>: '417 Expectation Failed', <HTTPStatus.IM_A_TEAPOT: 418>: "418 I'm a teapot", <HTTPStatus.MISDIRECTED_REQUEST: 421>: '421 Misdirected Request', <HTTPStatus.UNPROCESSABLE_ENTITY: 422>: '422 Unprocessable Entity', <HTTPStatus.LOCKED: 423>: '423 Locked', <HTTPStatus.FAILED_DEPENDENCY: 424>: '424 Failed Dependency', <HTTPStatus.TOO_EARLY: 425>: '425 Too Early', <HTTPStatus.UPGRADE_REQUIRED: 426>: '426 Upgrade Required', <HTTPStatus.PRECONDITION_REQUIRED: 428>: '428 Precondition Required', <HTTPStatus.TOO_MANY_REQUESTS: 429>: '429 Too Many Requests', <HTTPStatus.REQUEST_HEADER_FIELDS_TOO_LARGE: 431>: '431 Request Header Fields Too Large', <HTTPStatus.UNAVAILABLE_FOR_LEGAL_REASONS: 451>: '451 Unavailable For Legal Reasons', <HTTPStatus.INTERNAL_SERVER_ERROR: 500>: '500 Internal Server Error', <HTTPStatus.NOT_IMPLEMENTED: 501>: '501 Not Implemented', <HTTPStatus.BAD_GATEWAY: 502>: '502 Bad Gateway', <HTTPStatus.SERVICE_UNAVAILABLE: 503>: '503 Service Unavailable', <HTTPStatus.GATEWAY_TIMEOUT: 504>: '504 Gateway Timeout', <HTTPStatus.HTTP_VERSION_NOT_SUPPORTED: 505>: '505 HTTP Version Not Supported', <HTTPStatus.VARIANT_ALSO_NEGOTIATES: 506>: '506 Variant Also Negotiates', <HTTPStatus.INSUFFICIENT_STORAGE: 507>: '507 Insufficient Storage', <HTTPStatus.LOOP_DETECTED: 508>: '508 Loop Detected', <HTTPStatus.NOT_EXTENDED: 510>: '510 Not Extended', <HTTPStatus.NETWORK_AUTHENTICATION_REQUIRED: 511>: '511 Network Authentication Required'}
./bottle.py ERROR_PAGE_TEMPLATE:
%try:
    %from bottle import DEBUG, request
    <!DOCTYPE HTML PUBLIC "-//IETF//DTD HTML 2.0//EN">
    <html>
        <head>
            <title>Error: {{e.status}}</title>
            <style type="text/css">
              html {background-color: #eee; font-family: sans-serif;}
              body {background-color: #fff; border: 1px solid #ddd;
                    padding: 15px; margin: 15px;}
              pre {background-color: #eee; border: 1px solid #ddd; padding: 5px;}
            </style>
        </head>
        <body>
            <h1>Error: {{e.status}}</h1>
            <p>Sorry, the requested URL <tt>{{repr(request.url)}}</tt>
               caused an error:</p>
            <pre>{{e.body}}</pre>
            %if DEBUG and e.exception:
              <h2>Exception:</h2>
              %try:
                %exc = repr(e.exception)
              %except:
                %exc = '<unprintable %s object>' % type(e.exception).__name__
              %end
              <pre>{{exc}}</pre>
            %end
            %if DEBUG and e.traceback:
              <h2>Traceback:</h2>
              <pre>{{e.traceback}}</pre>
            %end
        </body>
    </html>
%except ImportError:
    <b>ImportError:</b> Could not generate the error page. Please add bottle to
    the import path.
%end

./bottle.py BaseRequest __init__ environ: None
./bottle.py BaseRequest __setattr__ name: environ
./bottle.py BaseRequest __setattr__ value: {}
./bottle.py _local_property fset value: {}
./bottle.py request: <LocalRequest: GET http://127.0.0.1/>
./bottle.py BaseResponse __init__ body:
./bottle.py BaseResponse __init__ status: None
./bottle.py BaseResponse __init__ headers: None
./bottle.py BaseResponse __init__ more_headers: {}
./bottle.py _local_property fset value: None
./bottle.py _local_property fset value: {}
./bottle.py _local_property fset value:
./bottle.py BaseResponse _set_status status: 200
./bottle.py _local_property fset value: 200
./bottle.py _local_property fset value: 200 OK
./bottle.py response: Content-Type: text/html; charset=UTF-8

./bottle.py local: <_thread._local object at 0x7ff50fc82430>
./bottle.py default_app: []
./bottle.py app: []
./bottle.py apps: []
./bottle.py _ImportRedirect __init__ name: bottle.ext
./bottle.py _ImportRedirect __init__ impmask: bottle_%s
./bottle.py ext: <module 'bottle.ext' from '/root/bottle/bottle.py'>
1 ----------------------------------------------------------------------------------------------------------------------------------------------------------------
./bottle.py debug mode: True
2 ----------------------------------------------------------------------------------------------------------------------------------------------------------------
./bottle.py make_default_app_wrapper wrapper a: ('/',)
./bottle.py make_default_app_wrapper wrapper ka: {}
./bottle.py AppStack push value: None
./bottle.py Bottle __init__ kwargs: {}
./bottle.py lazy_attribute __get__ obj: <bottle.Bottle object at 0x7ff510a3f050>
./bottle.py lazy_attribute __get__ cls: <class 'bottle.Bottle'>
./bottle.py Bottle _global_config cls: <class 'bottle.Bottle'>
./bottle.py ConfigDict meta_set key: catchall
./bottle.py ConfigDict meta_set metafield: validate
./bottle.py ConfigDict meta_set value: <class 'bool'>
./bottle.py Bottle __setattr__ name: config
./bottle.py Bottle __setattr__ value: {}
./bottle.py ConfigDict _add_change_listener func: functools.partial(<bound method Bottle.trigger_hook of <bottle.Bottle object at 0x7ff510a3f050>>, 'config')
./bottle.py ConfigDict update a: ({'catchall': True},)
./bottle.py ConfigDict update ka: {}
./bottle.py ConfigDict __setitem__ key: catchall
./bottle.py ConfigDict __setitem__ value: True
./bottle.py ConfigDict meta_get key: catchall
./bottle.py ConfigDict meta_get metafield: filter
./bottle.py ConfigDict meta_get default: <function ConfigDict.__setitem__.<locals>.<lambda> at 0x7ff50fc78ea0>
./bottle.py ConfigDict _on_change key: catchall
./bottle.py ConfigDict _on_change value: True
./bottle.py Bottle trigger_hook __name: config
./bottle.py Bottle trigger_hook args: ({}, 'catchall', True)
./bottle.py Bottle trigger_hook kwargs: {}
./bottle.py cached_property __get__ obj: <bottle.Bottle object at 0x7ff510a3f050>
./bottle.py cached_property __get__ cls: <class 'bottle.Bottle'>
./bottle.py Bottle __setattr__ name: _mounts
./bottle.py Bottle __setattr__ value: []
./bottle.py ResourceManager __init__ base: ./
./bottle.py ResourceManager __init__ opener: <built-in function open>
./bottle.py ResourceManager __init__ cachemode: all
./bottle.py Bottle __setattr__ name: resources
./bottle.py Bottle __setattr__ value: <bottle.ResourceManager object at 0x7ff510093c80>
./bottle.py Bottle __setattr__ name: routes
./bottle.py Bottle __setattr__ value: []
./bottle.py Router __init__ strict: False
./bottle.py Bottle __setattr__ name: router
./bottle.py Bottle __setattr__ value: <bottle.Router object at 0x7ff5108b8e00>
./bottle.py Bottle __setattr__ name: error_handler
./bottle.py Bottle __setattr__ value: {}
./bottle.py Bottle __setattr__ name: plugins
./bottle.py Bottle __setattr__ value: []
./bottle.py JSONPlugin __init__ json_dumps: <function dumps at 0x7ff5100b2700>
./bottle.py Bottle install plugin: <bottle.JSONPlugin object at 0x7ff5100e42c0>
./bottle.py JSONPlugin setup app: <bottle.Bottle object at 0x7ff510a3f050>
./bottle.py ConfigDict _define key: json.enable
./bottle.py ConfigDict _define default: True
./bottle.py ConfigDict _define help: Enable or disable automatic dict->json filter.
./bottle.py ConfigDict _define validate: <class 'bool'>
./bottle.py ConfigDict setdefault key: json.enable
./bottle.py ConfigDict setdefault value: True
./bottle.py ConfigDict __setitem__ key: json.enable
./bottle.py ConfigDict __setitem__ value: True
./bottle.py ConfigDict meta_get key: json.enable
./bottle.py ConfigDict meta_get metafield: filter
./bottle.py ConfigDict meta_get default: <function ConfigDict.__setitem__.<locals>.<lambda> at 0x7ff50fc968e0>
./bottle.py ConfigDict _on_change key: json.enable
./bottle.py ConfigDict _on_change value: True
./bottle.py Bottle trigger_hook __name: config
./bottle.py Bottle trigger_hook args: ({'catchall': True}, 'json.enable', True)
./bottle.py Bottle trigger_hook kwargs: {}
./bottle.py ConfigDict meta_set key: json.enable
./bottle.py ConfigDict meta_set metafield: help
./bottle.py ConfigDict meta_set value: Enable or disable automatic dict->json filter.
./bottle.py ConfigDict meta_set key: json.enable
./bottle.py ConfigDict meta_set metafield: validate
./bottle.py ConfigDict meta_set value: <class 'bool'>
./bottle.py ConfigDict _define key: json.ascii
./bottle.py ConfigDict _define default: False
./bottle.py ConfigDict _define help: Use only 7-bit ASCII characters in output.
./bottle.py ConfigDict _define validate: <class 'bool'>
./bottle.py ConfigDict setdefault key: json.ascii
./bottle.py ConfigDict setdefault value: False
./bottle.py ConfigDict __setitem__ key: json.ascii
./bottle.py ConfigDict __setitem__ value: False
./bottle.py ConfigDict meta_get key: json.ascii
./bottle.py ConfigDict meta_get metafield: filter
./bottle.py ConfigDict meta_get default: <function ConfigDict.__setitem__.<locals>.<lambda> at 0x7ff50fc968e0>
./bottle.py ConfigDict _on_change key: json.ascii
./bottle.py ConfigDict _on_change value: False
./bottle.py Bottle trigger_hook __name: config
./bottle.py Bottle trigger_hook args: ({'catchall': True, 'json.enable': True}, 'json.ascii', False)
./bottle.py Bottle trigger_hook kwargs: {}
./bottle.py ConfigDict meta_set key: json.ascii
./bottle.py ConfigDict meta_set metafield: help
./bottle.py ConfigDict meta_set value: Use only 7-bit ASCII characters in output.
./bottle.py ConfigDict meta_set key: json.ascii
./bottle.py ConfigDict meta_set metafield: validate
./bottle.py ConfigDict meta_set value: <class 'bool'>
./bottle.py ConfigDict _define key: json.indent
./bottle.py ConfigDict _define default: True
./bottle.py ConfigDict _define help: Add whitespace to make json more readable.
./bottle.py ConfigDict _define validate: <class 'bool'>
./bottle.py ConfigDict setdefault key: json.indent
./bottle.py ConfigDict setdefault value: True
./bottle.py ConfigDict __setitem__ key: json.indent
./bottle.py ConfigDict __setitem__ value: True
./bottle.py ConfigDict meta_get key: json.indent
./bottle.py ConfigDict meta_get metafield: filter
./bottle.py ConfigDict meta_get default: <function ConfigDict.__setitem__.<locals>.<lambda> at 0x7ff50fc968e0>
./bottle.py ConfigDict _on_change key: json.indent
./bottle.py ConfigDict _on_change value: True
./bottle.py Bottle trigger_hook __name: config
./bottle.py Bottle trigger_hook args: ({'catchall': True, 'json.enable': True, 'json.ascii': False}, 'json.indent', True)
./bottle.py Bottle trigger_hook kwargs: {}
./bottle.py ConfigDict meta_set key: json.indent
./bottle.py ConfigDict meta_set metafield: help
./bottle.py ConfigDict meta_set value: Add whitespace to make json more readable.
./bottle.py ConfigDict meta_set key: json.indent
./bottle.py ConfigDict meta_set metafield: validate
./bottle.py ConfigDict meta_set value: <class 'bool'>
./bottle.py ConfigDict _define key: json.dump_func
./bottle.py ConfigDict _define default: None
./bottle.py ConfigDict _define help: If defined, use this function to transform dict into json. The other options no longer apply.
./bottle.py ConfigDict _define validate: <object object at 0x7ff510aacbe0>
./bottle.py ConfigDict setdefault key: json.dump_func
./bottle.py ConfigDict setdefault value: None
./bottle.py ConfigDict __setitem__ key: json.dump_func
./bottle.py ConfigDict __setitem__ value: None
./bottle.py ConfigDict meta_get key: json.dump_func
./bottle.py ConfigDict meta_get metafield: filter
./bottle.py ConfigDict meta_get default: <function ConfigDict.__setitem__.<locals>.<lambda> at 0x7ff50fc968e0>
./bottle.py ConfigDict _on_change key: json.dump_func
./bottle.py ConfigDict _on_change value: None
./bottle.py Bottle trigger_hook __name: config
./bottle.py Bottle trigger_hook args: ({'catchall': True, 'json.enable': True, 'json.ascii': False, 'json.indent': True}, 'json.dump_func', None)
./bottle.py Bottle trigger_hook kwargs: {}
./bottle.py ConfigDict meta_set key: json.dump_func
./bottle.py ConfigDict meta_set metafield: help
./bottle.py ConfigDict meta_set value: If defined, use this function to transform dict into json. The other options no longer apply.
./bottle.py Bottle reset route: None
./bottle.py Bottle trigger_hook __name: app_reset
./bottle.py Bottle trigger_hook args: ()
./bottle.py Bottle trigger_hook kwargs: {}
./bottle.py Bottle install plugin: <bottle.TemplatePlugin object at 0x7ff50fe19d60>
./bottle.py TemplatePlugin setup app: <bottle.Bottle object at 0x7ff510a3f050>
./bottle.py Bottle __setattr__ name: tpl
./bottle.py Bottle __setattr__ value: <bottle.TemplatePlugin object at 0x7ff50fe19d60>
./bottle.py Bottle reset route: None
./bottle.py Bottle trigger_hook __name: app_reset
./bottle.py Bottle trigger_hook args: ()
./bottle.py Bottle trigger_hook kwargs: {}
./bottle.py Bottle route path: /
./bottle.py Bottle route method: GET
./bottle.py Bottle route callback: None
./bottle.py Bottle route name: None
./bottle.py Bottle route apply: None
./bottle.py Bottle route skip: None
./bottle.py Bottle route config: {}
./bottle.py makelist data: None
./bottle.py makelist data: None
./bottle.py makelist data: /
./bottle.py makelist data: GET
./bottle.py Route __init__ app: <bottle.Bottle object at 0x7ff510a3f050>
./bottle.py Route __init__ rule: /
./bottle.py Route __init__ method: GET
./bottle.py Route __init__ callback: <function hello_world at 0x7ff50fc96980>
./bottle.py Route __init__ name: None
./bottle.py Route __init__ plugins: []
./bottle.py Route __init__ skiplist: []
./bottle.py Route __init__ config: {}
./bottle.py ConfigDict _set_virtual key: catchall
./bottle.py ConfigDict _set_virtual value: True
./bottle.py ConfigDict _set_virtual key: json.enable
./bottle.py ConfigDict _set_virtual value: True
./bottle.py ConfigDict _set_virtual key: json.ascii
./bottle.py ConfigDict _set_virtual value: False
./bottle.py ConfigDict _set_virtual key: json.indent
./bottle.py ConfigDict _set_virtual value: True
./bottle.py ConfigDict _set_virtual key: json.dump_func
./bottle.py ConfigDict _set_virtual value: None
./bottle.py ConfigDict load_dict source: {}
./bottle.py ConfigDict load_dict namespace:
./bottle.py Bottle add_route route: <GET / -> __main__:hello_world>
./bottle.py Router add rule: /
./bottle.py Router add method: GET
./bottle.py Router add target: <GET / -> __main__:hello_world>
./bottle.py Router add name: None
./bottle.py Router _itertokens rule: /
./bottle.py Router build _name: /
./bottle.py Router build anons: ()
./bottle.py Router build query: {}
./bottle.py cached_property __get__ obj: <GET / -> __main__:hello_world>
./bottle.py cached_property __get__ cls: <class 'bottle.Route'>
./bottle.py TemplatePlugin apply callback: <function hello_world at 0x7ff50fc96980>
./bottle.py TemplatePlugin apply route: <GET / -> __main__:hello_world>
./bottle.py JSONPlugin apply callback: <function hello_world at 0x7ff50fc96980>
./bottle.py JSONPlugin apply route: <GET / -> __main__:hello_world>
./bottle.py update_wrapper wrapper: <function hello_world at 0x7ff50fc96a20>
./bottle.py update_wrapper wrapped: <function hello_world at 0x7ff50fc96980>
./bottle.py update_wrapper a: ()
./bottle.py update_wrapper ka: {}
./bottle.py make_default_app_wrapper wrapper a: ('/hello',)
./bottle.py make_default_app_wrapper wrapper ka: {}
./bottle.py Bottle route path: /hello
./bottle.py Bottle route method: GET
./bottle.py Bottle route callback: None
./bottle.py Bottle route name: None
./bottle.py Bottle route apply: None
./bottle.py Bottle route skip: None
./bottle.py Bottle route config: {}
./bottle.py makelist data: None
./bottle.py makelist data: None
./bottle.py makelist data: /hello
./bottle.py makelist data: GET
./bottle.py Route __init__ app: <bottle.Bottle object at 0x7ff510a3f050>
./bottle.py Route __init__ rule: /hello
./bottle.py Route __init__ method: GET
./bottle.py Route __init__ callback: <function hello_get at 0x7ff50fc96ac0>
./bottle.py Route __init__ name: None
./bottle.py Route __init__ plugins: []
./bottle.py Route __init__ skiplist: []
./bottle.py Route __init__ config: {}
./bottle.py ConfigDict _set_virtual key: catchall
./bottle.py ConfigDict _set_virtual value: True
./bottle.py ConfigDict _set_virtual key: json.enable
./bottle.py ConfigDict _set_virtual value: True
./bottle.py ConfigDict _set_virtual key: json.ascii
./bottle.py ConfigDict _set_virtual value: False
./bottle.py ConfigDict _set_virtual key: json.indent
./bottle.py ConfigDict _set_virtual value: True
./bottle.py ConfigDict _set_virtual key: json.dump_func
./bottle.py ConfigDict _set_virtual value: None
./bottle.py ConfigDict load_dict source: {}
./bottle.py ConfigDict load_dict namespace:
./bottle.py Bottle add_route route: <GET /hello -> __main__:hello_get>
./bottle.py Router add rule: /hello
./bottle.py Router add method: GET
./bottle.py Router add target: <GET /hello -> __main__:hello_get>
./bottle.py Router add name: None
./bottle.py Router _itertokens rule: /hello
./bottle.py Router build _name: /hello
./bottle.py Router build anons: ()
./bottle.py Router build query: {}
./bottle.py cached_property __get__ obj: <GET /hello -> __main__:hello_get>
./bottle.py cached_property __get__ cls: <class 'bottle.Route'>
./bottle.py TemplatePlugin apply callback: <function hello_get at 0x7ff50fc96ac0>
./bottle.py TemplatePlugin apply route: <GET /hello -> __main__:hello_get>
./bottle.py JSONPlugin apply callback: <function hello_get at 0x7ff50fc96ac0>
./bottle.py JSONPlugin apply route: <GET /hello -> __main__:hello_get>
./bottle.py update_wrapper wrapper: <function hello_get at 0x7ff50fc96b60>
./bottle.py update_wrapper wrapped: <function hello_get at 0x7ff50fc96ac0>
./bottle.py update_wrapper a: ()
./bottle.py update_wrapper ka: {}
./bottle.py make_default_app_wrapper wrapper a: ('/hello_post',)
./bottle.py make_default_app_wrapper wrapper ka: {'method': 'POST'}
./bottle.py Bottle route path: /hello_post
./bottle.py Bottle route method: POST
./bottle.py Bottle route callback: None
./bottle.py Bottle route name: None
./bottle.py Bottle route apply: None
./bottle.py Bottle route skip: None
./bottle.py Bottle route config: {}
./bottle.py makelist data: None
./bottle.py makelist data: None
./bottle.py makelist data: /hello_post
./bottle.py makelist data: POST
./bottle.py Route __init__ app: <bottle.Bottle object at 0x7ff510a3f050>
./bottle.py Route __init__ rule: /hello_post
./bottle.py Route __init__ method: POST
./bottle.py Route __init__ callback: <function hello_post at 0x7ff50fc96c00>
./bottle.py Route __init__ name: None
./bottle.py Route __init__ plugins: []
./bottle.py Route __init__ skiplist: []
./bottle.py Route __init__ config: {}
./bottle.py ConfigDict _set_virtual key: catchall
./bottle.py ConfigDict _set_virtual value: True
./bottle.py ConfigDict _set_virtual key: json.enable
./bottle.py ConfigDict _set_virtual value: True
./bottle.py ConfigDict _set_virtual key: json.ascii
./bottle.py ConfigDict _set_virtual value: False
./bottle.py ConfigDict _set_virtual key: json.indent
./bottle.py ConfigDict _set_virtual value: True
./bottle.py ConfigDict _set_virtual key: json.dump_func
./bottle.py ConfigDict _set_virtual value: None
./bottle.py ConfigDict load_dict source: {}
./bottle.py ConfigDict load_dict namespace:
./bottle.py Bottle add_route route: <POST /hello_post -> __main__:hello_post>
./bottle.py Router add rule: /hello_post
./bottle.py Router add method: POST
./bottle.py Router add target: <POST /hello_post -> __main__:hello_post>
./bottle.py Router add name: None
./bottle.py Router _itertokens rule: /hello_post
./bottle.py Router build _name: /hello_post
./bottle.py Router build anons: ()
./bottle.py Router build query: {}
./bottle.py cached_property __get__ obj: <POST /hello_post -> __main__:hello_post>
./bottle.py cached_property __get__ cls: <class 'bottle.Route'>
./bottle.py TemplatePlugin apply callback: <function hello_post at 0x7ff50fc96c00>
./bottle.py TemplatePlugin apply route: <POST /hello_post -> __main__:hello_post>
./bottle.py JSONPlugin apply callback: <function hello_post at 0x7ff50fc96c00>
./bottle.py JSONPlugin apply route: <POST /hello_post -> __main__:hello_post>
./bottle.py update_wrapper wrapper: <function hello_post at 0x7ff50fc96ca0>
./bottle.py update_wrapper wrapped: <function hello_post at 0x7ff50fc96c00>
./bottle.py update_wrapper a: ()
./bottle.py update_wrapper ka: {}
./bottle.py make_default_app_wrapper wrapper a: ('/hello/<name>',)
./bottle.py make_default_app_wrapper wrapper ka: {}
./bottle.py Bottle route path: /hello/<name>
./bottle.py Bottle route method: GET
./bottle.py Bottle route callback: None
./bottle.py Bottle route name: None
./bottle.py Bottle route apply: None
./bottle.py Bottle route skip: None
./bottle.py Bottle route config: {}
./bottle.py makelist data: None
./bottle.py makelist data: None
./bottle.py makelist data: /hello/<name>
./bottle.py makelist data: GET
./bottle.py Route __init__ app: <bottle.Bottle object at 0x7ff510a3f050>
./bottle.py Route __init__ rule: /hello/<name>
./bottle.py Route __init__ method: GET
./bottle.py Route __init__ callback: <function hello_url at 0x7ff50fc96d40>
./bottle.py Route __init__ name: None
./bottle.py Route __init__ plugins: []
./bottle.py Route __init__ skiplist: []
./bottle.py Route __init__ config: {}
./bottle.py ConfigDict _set_virtual key: catchall
./bottle.py ConfigDict _set_virtual value: True
./bottle.py ConfigDict _set_virtual key: json.enable
./bottle.py ConfigDict _set_virtual value: True
./bottle.py ConfigDict _set_virtual key: json.ascii
./bottle.py ConfigDict _set_virtual value: False
./bottle.py ConfigDict _set_virtual key: json.indent
./bottle.py ConfigDict _set_virtual value: True
./bottle.py ConfigDict _set_virtual key: json.dump_func
./bottle.py ConfigDict _set_virtual value: None
./bottle.py ConfigDict load_dict source: {}
./bottle.py ConfigDict load_dict namespace:
./bottle.py Bottle add_route route: <GET /hello/<name> -> __main__:hello_url>
./bottle.py Router add rule: /hello/<name>
./bottle.py Router add method: GET
./bottle.py Router add target: <GET /hello/<name> -> __main__:hello_url>
./bottle.py Router add name: None
./bottle.py Router _itertokens rule: /hello/<name>
./bottle.py _re_flatten p: [^/]+
./bottle.py _re_flatten p: /hello/(?P<name>[^/]+)
./bottle.py Router _compile method: GET
./bottle.py cached_property __get__ obj: <GET /hello/<name> -> __main__:hello_url>
./bottle.py cached_property __get__ cls: <class 'bottle.Route'>
./bottle.py TemplatePlugin apply callback: <function hello_url at 0x7ff50fc96d40>
./bottle.py TemplatePlugin apply route: <GET /hello/<name> -> __main__:hello_url>
./bottle.py JSONPlugin apply callback: <function hello_url at 0x7ff50fc96d40>
./bottle.py JSONPlugin apply route: <GET /hello/<name> -> __main__:hello_url>
./bottle.py update_wrapper wrapper: <function hello_url at 0x7ff50fc96fc0>
./bottle.py update_wrapper wrapped: <function hello_url at 0x7ff50fc96d40>
./bottle.py update_wrapper a: ()
./bottle.py update_wrapper ka: {}
./bottle.py make_default_app_wrapper wrapper a: ('/private',)
./bottle.py make_default_app_wrapper wrapper ka: {}
./bottle.py Bottle route path: /private
./bottle.py Bottle route method: GET
./bottle.py Bottle route callback: None
./bottle.py Bottle route name: None
./bottle.py Bottle route apply: None
./bottle.py Bottle route skip: None
./bottle.py Bottle route config: {}
./bottle.py makelist data: None
./bottle.py makelist data: None
./bottle.py makelist data: /private
./bottle.py makelist data: GET
./bottle.py Route __init__ app: <bottle.Bottle object at 0x7ff510a3f050>
./bottle.py Route __init__ rule: /private
./bottle.py Route __init__ method: GET
./bottle.py Route __init__ callback: <function private at 0x7ff50fc96f20>
./bottle.py Route __init__ name: None
./bottle.py Route __init__ plugins: []
./bottle.py Route __init__ skiplist: []
./bottle.py Route __init__ config: {}
./bottle.py ConfigDict _set_virtual key: catchall
./bottle.py ConfigDict _set_virtual value: True
./bottle.py ConfigDict _set_virtual key: json.enable
./bottle.py ConfigDict _set_virtual value: True
./bottle.py ConfigDict _set_virtual key: json.ascii
./bottle.py ConfigDict _set_virtual value: False
./bottle.py ConfigDict _set_virtual key: json.indent
./bottle.py ConfigDict _set_virtual value: True
./bottle.py ConfigDict _set_virtual key: json.dump_func
./bottle.py ConfigDict _set_virtual value: None
./bottle.py ConfigDict load_dict source: {}
./bottle.py ConfigDict load_dict namespace:
./bottle.py Bottle add_route route: <GET /private -> __main__:private>
./bottle.py Router add rule: /private
./bottle.py Router add method: GET
./bottle.py Router add target: <GET /private -> __main__:private>
./bottle.py Router add name: None
./bottle.py Router _itertokens rule: /private
./bottle.py Router build _name: /private
./bottle.py Router build anons: ()
./bottle.py Router build query: {}
./bottle.py cached_property __get__ obj: <GET /private -> __main__:private>
./bottle.py cached_property __get__ cls: <class 'bottle.Route'>
./bottle.py TemplatePlugin apply callback: <function private at 0x7ff50fc96f20>
./bottle.py TemplatePlugin apply route: <GET /private -> __main__:private>
./bottle.py JSONPlugin apply callback: <function private at 0x7ff50fc96f20>
./bottle.py JSONPlugin apply route: <GET /private -> __main__:private>
./bottle.py update_wrapper wrapper: <function private at 0x7ff50fc97060>
./bottle.py update_wrapper wrapped: <function private at 0x7ff50fc96f20>
./bottle.py update_wrapper a: ()
./bottle.py update_wrapper ka: {}
3 ----------------------------------------------------------------------------------------------------------------------------------------------------------------
./bottle.py run app: None
./bottle.py run server: wsgiref
./bottle.py run host: localhost
./bottle.py run port: 8080
./bottle.py run interval: 1
./bottle.py run reloader: False
./bottle.py run quiet: False
./bottle.py run plugins: None
./bottle.py run debug: None
./bottle.py run config: None
./bottle.py run kargs: {}
./bottle.py ServerAdapter __init__ host: localhost
./bottle.py ServerAdapter __init__ port: 8080
./bottle.py ServerAdapter __init__ options: {}
./bottle.py _stderr args: ('Bottle v0.13.4 server starting up (using WSGIRefServer())...',)
Bottle v0.13.4 server starting up (using WSGIRefServer())...
./bottle.py _stderr args: ('Listening on http://localhost:8080/',)
Listening on http://localhost:8080/
./bottle.py _stderr args: ('Hit Ctrl-C to quit.\n',)
Hit Ctrl-C to quit.

./bottle.py _ImportRedirect find_spec fullname: _wmi
./bottle.py _ImportRedirect find_spec path: None
./bottle.py _ImportRedirect find_spec target: None

----------------------------------------------------------------------------------------------------------------------------------------------------------------
./bottle.py Bottle __call__ environ: {'SHELL': '/bin/bash', 'ROS_VERSION': '2', 'CONDA_EXE': '/root/miniconda3/bin/conda', 'ROS_PYTHON_VERSION': '3', 'OLLAMA_MODELS': '/home/zhanghao/edu/ollama/model', 'PWD': '/root/bottle/examples', 'LOGNAME': 'root', 'XDG_SESSION_TYPE': 'tty', 'CONDA_PREFIX': '/root/miniconda3/envs/bottle_python_3_12', 'MOTD_SHOWN': 'pam', 'HOME': '/root', 'LANG': 'C.UTF-8', 'LS_COLORS': 'rs=0:di=01;34:ln=01;36:mh=00:pi=40;33:so=01;35:do=01;35:bd=40;33;01:cd=40;33;01:or=40;31;01:mi=00:su=37;41:sg=30;43:ca=30;41:tw=30;42:ow=34;42:st=37;44:ex=01;32:*.tar=01;31:*.tgz=01;31:*.arc=01;31:*.arj=01;31:*.taz=01;31:*.lha=01;31:*.lz4=01;31:*.lzh=01;31:*.lzma=01;31:*.tlz=01;31:*.txz=01;31:*.tzo=01;31:*.t7z=01;31:*.zip=01;31:*.z=01;31:*.dz=01;31:*.gz=01;31:*.lrz=01;31:*.lz=01;31:*.lzo=01;31:*.xz=01;31:*.zst=01;31:*.tzst=01;31:*.bz2=01;31:*.bz=01;31:*.tbz=01;31:*.tbz2=01;31:*.tz=01;31:*.deb=01;31:*.rpm=01;31:*.jar=01;31:*.war=01;31:*.ear=01;31:*.sar=01;31:*.rar=01;31:*.alz=01;31:*.ace=01;31:*.zoo=01;31:*.cpio=01;31:*.7z=01;31:*.rz=01;31:*.cab=01;31:*.wim=01;31:*.swm=01;31:*.dwm=01;31:*.esd=01;31:*.jpg=01;35:*.jpeg=01;35:*.mjpg=01;35:*.mjpeg=01;35:*.gif=01;35:*.bmp=01;35:*.pbm=01;35:*.pgm=01;35:*.ppm=01;35:*.tga=01;35:*.xbm=01;35:*.xpm=01;35:*.tif=01;35:*.tiff=01;35:*.png=01;35:*.svg=01;35:*.svgz=01;35:*.mng=01;35:*.pcx=01;35:*.mov=01;35:*.mpg=01;35:*.mpeg=01;35:*.m2v=01;35:*.mkv=01;35:*.webm=01;35:*.webp=01;35:*.ogm=01;35:*.mp4=01;35:*.m4v=01;35:*.mp4v=01;35:*.vob=01;35:*.qt=01;35:*.nuv=01;35:*.wmv=01;35:*.asf=01;35:*.rm=01;35:*.rmvb=01;35:*.flc=01;35:*.avi=01;35:*.fli=01;35:*.flv=01;35:*.gl=01;35:*.dl=01;35:*.xcf=01;35:*.xwd=01;35:*.yuv=01;35:*.cgm=01;35:*.emf=01;35:*.ogv=01;35:*.ogx=01;35:*.aac=00;36:*.au=00;36:*.flac=00;36:*.m4a=00;36:*.mid=00;36:*.midi=00;36:*.mka=00;36:*.mp3=00;36:*.mpc=00;36:*.ogg=00;36:*.ra=00;36:*.wav=00;36:*.oga=00;36:*.opus=00;36:*.spx=00;36:*.xspf=00;36:', 'CONDA_PROMPT_MODIFIER': '(bottle_python_3_12) ', 'AMENT_PREFIX_PATH': '/opt/ros/humble', 'LC_TERMINAL': 'iTerm2', 'SSH_CONNECTION': '172.16.67.112 62778 192.168.100.59 22', 'LESSCLOSE': '/usr/bin/lesspipe %s %s', 'XDG_SESSION_CLASS': 'user', 'PYTHONPATH': '/opt/ros/humble/lib/python3.10/site-packages:/opt/ros/humble/local/lib/python3.10/dist-packages', 'TERM': 'xterm-256color', 'LESSOPEN': '| /usr/bin/lesspipe %s', 'USER': 'root', 'CONDA_SHLVL': '2', 'LC_TERMINAL_VERSION': '3.3.7', 'SHLVL': '1', 'XDG_SESSION_ID': '32360', 'CONDA_PYTHON_EXE': '/root/miniconda3/bin/python', 'LD_LIBRARY_PATH': '/opt/ros/humble/opt/rviz_ogre_vendor/lib:/opt/ros/humble/lib/x86_64-linux-gnu:/opt/ros/humble/lib', 'XDG_RUNTIME_DIR': '/run/user/0', 'ROS_LOCALHOST_ONLY': '0', 'SSH_CLIENT': '172.16.67.112 62778 22', 'CONDA_DEFAULT_ENV': 'bottle_python_3_12', 'LC_TIME': 'C.UTF-8', 'XDG_DATA_DIRS': '/usr/local/share:/usr/share:/var/lib/snapd/desktop', 'PATH': '/opt/ros/humble/bin:/root/miniconda3/envs/bottle_python_3_12/bin:/root/miniconda3/condabin:/sbin:/usr/sbin:/usr/local/sbin:/usr/lpp/mmfs/bin:/usr/local/sbin:/usr/local/bin:/usr/sbin:/usr/bin:/sbin:/bin:/usr/games:/usr/local/games:/snap/bin', 'DBUS_SESSION_BUS_ADDRESS': 'unix:path=/run/user/0/bus', 'SSH_TTY': '/dev/pts/5', 'CONDA_PREFIX_1': '/root/miniconda3', 'ROS_DISTRO': 'humble', 'OLDPWD': '/root/bottle', '_': '/root/miniconda3/envs/bottle_python_3_12/bin/python', 'SERVER_NAME': 'localhost', 'GATEWAY_INTERFACE': 'CGI/1.1', 'SERVER_PORT': '8080', 'REMOTE_HOST': '', 'CONTENT_LENGTH': '', 'SCRIPT_NAME': '', 'SERVER_PROTOCOL': 'HTTP/1.1', 'SERVER_SOFTWARE': 'WSGIServer/0.2', 'REQUEST_METHOD': 'GET', 'PATH_INFO': '/', 'QUERY_STRING': '', 'REMOTE_ADDR': '127.0.0.1', 'CONTENT_TYPE': 'text/plain', 'HTTP_HOST': '127.0.0.1:8080', 'HTTP_USER_AGENT': 'curl/7.81.0', 'HTTP_ACCEPT': '*/*', 'wsgi.input': <_io.BufferedReader name=4>, 'wsgi.errors': <_io.TextIOWrapper name='<stderr>' mode='w' encoding='utf-8'>, 'wsgi.version': (1, 0), 'wsgi.run_once': False, 'wsgi.url_scheme': 'http', 'wsgi.multithread': False, 'wsgi.multiprocess': False, 'wsgi.file_wrapper': <class 'wsgiref.util.FileWrapper'>}
./bottle.py Bottle __call__ start_response: <bound method BaseHandler.start_response of <wsgiref.simple_server.ServerHandler object at 0x7ff50fd07980>>
./bottle.py Bottle wsgi environ: {'SHELL': '/bin/bash', 'ROS_VERSION': '2', 'CONDA_EXE': '/root/miniconda3/bin/conda', 'ROS_PYTHON_VERSION': '3', 'OLLAMA_MODELS': '/home/zhanghao/edu/ollama/model', 'PWD': '/root/bottle/examples', 'LOGNAME': 'root', 'XDG_SESSION_TYPE': 'tty', 'CONDA_PREFIX': '/root/miniconda3/envs/bottle_python_3_12', 'MOTD_SHOWN': 'pam', 'HOME': '/root', 'LANG': 'C.UTF-8', 'LS_COLORS': 'rs=0:di=01;34:ln=01;36:mh=00:pi=40;33:so=01;35:do=01;35:bd=40;33;01:cd=40;33;01:or=40;31;01:mi=00:su=37;41:sg=30;43:ca=30;41:tw=30;42:ow=34;42:st=37;44:ex=01;32:*.tar=01;31:*.tgz=01;31:*.arc=01;31:*.arj=01;31:*.taz=01;31:*.lha=01;31:*.lz4=01;31:*.lzh=01;31:*.lzma=01;31:*.tlz=01;31:*.txz=01;31:*.tzo=01;31:*.t7z=01;31:*.zip=01;31:*.z=01;31:*.dz=01;31:*.gz=01;31:*.lrz=01;31:*.lz=01;31:*.lzo=01;31:*.xz=01;31:*.zst=01;31:*.tzst=01;31:*.bz2=01;31:*.bz=01;31:*.tbz=01;31:*.tbz2=01;31:*.tz=01;31:*.deb=01;31:*.rpm=01;31:*.jar=01;31:*.war=01;31:*.ear=01;31:*.sar=01;31:*.rar=01;31:*.alz=01;31:*.ace=01;31:*.zoo=01;31:*.cpio=01;31:*.7z=01;31:*.rz=01;31:*.cab=01;31:*.wim=01;31:*.swm=01;31:*.dwm=01;31:*.esd=01;31:*.jpg=01;35:*.jpeg=01;35:*.mjpg=01;35:*.mjpeg=01;35:*.gif=01;35:*.bmp=01;35:*.pbm=01;35:*.pgm=01;35:*.ppm=01;35:*.tga=01;35:*.xbm=01;35:*.xpm=01;35:*.tif=01;35:*.tiff=01;35:*.png=01;35:*.svg=01;35:*.svgz=01;35:*.mng=01;35:*.pcx=01;35:*.mov=01;35:*.mpg=01;35:*.mpeg=01;35:*.m2v=01;35:*.mkv=01;35:*.webm=01;35:*.webp=01;35:*.ogm=01;35:*.mp4=01;35:*.m4v=01;35:*.mp4v=01;35:*.vob=01;35:*.qt=01;35:*.nuv=01;35:*.wmv=01;35:*.asf=01;35:*.rm=01;35:*.rmvb=01;35:*.flc=01;35:*.avi=01;35:*.fli=01;35:*.flv=01;35:*.gl=01;35:*.dl=01;35:*.xcf=01;35:*.xwd=01;35:*.yuv=01;35:*.cgm=01;35:*.emf=01;35:*.ogv=01;35:*.ogx=01;35:*.aac=00;36:*.au=00;36:*.flac=00;36:*.m4a=00;36:*.mid=00;36:*.midi=00;36:*.mka=00;36:*.mp3=00;36:*.mpc=00;36:*.ogg=00;36:*.ra=00;36:*.wav=00;36:*.oga=00;36:*.opus=00;36:*.spx=00;36:*.xspf=00;36:', 'CONDA_PROMPT_MODIFIER': '(bottle_python_3_12) ', 'AMENT_PREFIX_PATH': '/opt/ros/humble', 'LC_TERMINAL': 'iTerm2', 'SSH_CONNECTION': '172.16.67.112 62778 192.168.100.59 22', 'LESSCLOSE': '/usr/bin/lesspipe %s %s', 'XDG_SESSION_CLASS': 'user', 'PYTHONPATH': '/opt/ros/humble/lib/python3.10/site-packages:/opt/ros/humble/local/lib/python3.10/dist-packages', 'TERM': 'xterm-256color', 'LESSOPEN': '| /usr/bin/lesspipe %s', 'USER': 'root', 'CONDA_SHLVL': '2', 'LC_TERMINAL_VERSION': '3.3.7', 'SHLVL': '1', 'XDG_SESSION_ID': '32360', 'CONDA_PYTHON_EXE': '/root/miniconda3/bin/python', 'LD_LIBRARY_PATH': '/opt/ros/humble/opt/rviz_ogre_vendor/lib:/opt/ros/humble/lib/x86_64-linux-gnu:/opt/ros/humble/lib', 'XDG_RUNTIME_DIR': '/run/user/0', 'ROS_LOCALHOST_ONLY': '0', 'SSH_CLIENT': '172.16.67.112 62778 22', 'CONDA_DEFAULT_ENV': 'bottle_python_3_12', 'LC_TIME': 'C.UTF-8', 'XDG_DATA_DIRS': '/usr/local/share:/usr/share:/var/lib/snapd/desktop', 'PATH': '/opt/ros/humble/bin:/root/miniconda3/envs/bottle_python_3_12/bin:/root/miniconda3/condabin:/sbin:/usr/sbin:/usr/local/sbin:/usr/lpp/mmfs/bin:/usr/local/sbin:/usr/local/bin:/usr/sbin:/usr/bin:/sbin:/bin:/usr/games:/usr/local/games:/snap/bin', 'DBUS_SESSION_BUS_ADDRESS': 'unix:path=/run/user/0/bus', 'SSH_TTY': '/dev/pts/5', 'CONDA_PREFIX_1': '/root/miniconda3', 'ROS_DISTRO': 'humble', 'OLDPWD': '/root/bottle', '_': '/root/miniconda3/envs/bottle_python_3_12/bin/python', 'SERVER_NAME': 'localhost', 'GATEWAY_INTERFACE': 'CGI/1.1', 'SERVER_PORT': '8080', 'REMOTE_HOST': '', 'CONTENT_LENGTH': '', 'SCRIPT_NAME': '', 'SERVER_PROTOCOL': 'HTTP/1.1', 'SERVER_SOFTWARE': 'WSGIServer/0.2', 'REQUEST_METHOD': 'GET', 'PATH_INFO': '/', 'QUERY_STRING': '', 'REMOTE_ADDR': '127.0.0.1', 'CONTENT_TYPE': 'text/plain', 'HTTP_HOST': '127.0.0.1:8080', 'HTTP_USER_AGENT': 'curl/7.81.0', 'HTTP_ACCEPT': '*/*', 'wsgi.input': <_io.BufferedReader name=4>, 'wsgi.errors': <_io.TextIOWrapper name='<stderr>' mode='w' encoding='utf-8'>, 'wsgi.version': (1, 0), 'wsgi.run_once': False, 'wsgi.url_scheme': 'http', 'wsgi.multithread': False, 'wsgi.multiprocess': False, 'wsgi.file_wrapper': <class 'wsgiref.util.FileWrapper'>}
./bottle.py Bottle wsgi start_response: <bound method BaseHandler.start_response of <wsgiref.simple_server.ServerHandler object at 0x7ff50fd07980>>
./bottle.py Bottle _handle environ: {'SHELL': '/bin/bash', 'ROS_VERSION': '2', 'CONDA_EXE': '/root/miniconda3/bin/conda', 'ROS_PYTHON_VERSION': '3', 'OLLAMA_MODELS': '/home/zhanghao/edu/ollama/model', 'PWD': '/root/bottle/examples', 'LOGNAME': 'root', 'XDG_SESSION_TYPE': 'tty', 'CONDA_PREFIX': '/root/miniconda3/envs/bottle_python_3_12', 'MOTD_SHOWN': 'pam', 'HOME': '/root', 'LANG': 'C.UTF-8', 'LS_COLORS': 'rs=0:di=01;34:ln=01;36:mh=00:pi=40;33:so=01;35:do=01;35:bd=40;33;01:cd=40;33;01:or=40;31;01:mi=00:su=37;41:sg=30;43:ca=30;41:tw=30;42:ow=34;42:st=37;44:ex=01;32:*.tar=01;31:*.tgz=01;31:*.arc=01;31:*.arj=01;31:*.taz=01;31:*.lha=01;31:*.lz4=01;31:*.lzh=01;31:*.lzma=01;31:*.tlz=01;31:*.txz=01;31:*.tzo=01;31:*.t7z=01;31:*.zip=01;31:*.z=01;31:*.dz=01;31:*.gz=01;31:*.lrz=01;31:*.lz=01;31:*.lzo=01;31:*.xz=01;31:*.zst=01;31:*.tzst=01;31:*.bz2=01;31:*.bz=01;31:*.tbz=01;31:*.tbz2=01;31:*.tz=01;31:*.deb=01;31:*.rpm=01;31:*.jar=01;31:*.war=01;31:*.ear=01;31:*.sar=01;31:*.rar=01;31:*.alz=01;31:*.ace=01;31:*.zoo=01;31:*.cpio=01;31:*.7z=01;31:*.rz=01;31:*.cab=01;31:*.wim=01;31:*.swm=01;31:*.dwm=01;31:*.esd=01;31:*.jpg=01;35:*.jpeg=01;35:*.mjpg=01;35:*.mjpeg=01;35:*.gif=01;35:*.bmp=01;35:*.pbm=01;35:*.pgm=01;35:*.ppm=01;35:*.tga=01;35:*.xbm=01;35:*.xpm=01;35:*.tif=01;35:*.tiff=01;35:*.png=01;35:*.svg=01;35:*.svgz=01;35:*.mng=01;35:*.pcx=01;35:*.mov=01;35:*.mpg=01;35:*.mpeg=01;35:*.m2v=01;35:*.mkv=01;35:*.webm=01;35:*.webp=01;35:*.ogm=01;35:*.mp4=01;35:*.m4v=01;35:*.mp4v=01;35:*.vob=01;35:*.qt=01;35:*.nuv=01;35:*.wmv=01;35:*.asf=01;35:*.rm=01;35:*.rmvb=01;35:*.flc=01;35:*.avi=01;35:*.fli=01;35:*.flv=01;35:*.gl=01;35:*.dl=01;35:*.xcf=01;35:*.xwd=01;35:*.yuv=01;35:*.cgm=01;35:*.emf=01;35:*.ogv=01;35:*.ogx=01;35:*.aac=00;36:*.au=00;36:*.flac=00;36:*.m4a=00;36:*.mid=00;36:*.midi=00;36:*.mka=00;36:*.mp3=00;36:*.mpc=00;36:*.ogg=00;36:*.ra=00;36:*.wav=00;36:*.oga=00;36:*.opus=00;36:*.spx=00;36:*.xspf=00;36:', 'CONDA_PROMPT_MODIFIER': '(bottle_python_3_12) ', 'AMENT_PREFIX_PATH': '/opt/ros/humble', 'LC_TERMINAL': 'iTerm2', 'SSH_CONNECTION': '172.16.67.112 62778 192.168.100.59 22', 'LESSCLOSE': '/usr/bin/lesspipe %s %s', 'XDG_SESSION_CLASS': 'user', 'PYTHONPATH': '/opt/ros/humble/lib/python3.10/site-packages:/opt/ros/humble/local/lib/python3.10/dist-packages', 'TERM': 'xterm-256color', 'LESSOPEN': '| /usr/bin/lesspipe %s', 'USER': 'root', 'CONDA_SHLVL': '2', 'LC_TERMINAL_VERSION': '3.3.7', 'SHLVL': '1', 'XDG_SESSION_ID': '32360', 'CONDA_PYTHON_EXE': '/root/miniconda3/bin/python', 'LD_LIBRARY_PATH': '/opt/ros/humble/opt/rviz_ogre_vendor/lib:/opt/ros/humble/lib/x86_64-linux-gnu:/opt/ros/humble/lib', 'XDG_RUNTIME_DIR': '/run/user/0', 'ROS_LOCALHOST_ONLY': '0', 'SSH_CLIENT': '172.16.67.112 62778 22', 'CONDA_DEFAULT_ENV': 'bottle_python_3_12', 'LC_TIME': 'C.UTF-8', 'XDG_DATA_DIRS': '/usr/local/share:/usr/share:/var/lib/snapd/desktop', 'PATH': '/opt/ros/humble/bin:/root/miniconda3/envs/bottle_python_3_12/bin:/root/miniconda3/condabin:/sbin:/usr/sbin:/usr/local/sbin:/usr/lpp/mmfs/bin:/usr/local/sbin:/usr/local/bin:/usr/sbin:/usr/bin:/sbin:/bin:/usr/games:/usr/local/games:/snap/bin', 'DBUS_SESSION_BUS_ADDRESS': 'unix:path=/run/user/0/bus', 'SSH_TTY': '/dev/pts/5', 'CONDA_PREFIX_1': '/root/miniconda3', 'ROS_DISTRO': 'humble', 'OLDPWD': '/root/bottle', '_': '/root/miniconda3/envs/bottle_python_3_12/bin/python', 'SERVER_NAME': 'localhost', 'GATEWAY_INTERFACE': 'CGI/1.1', 'SERVER_PORT': '8080', 'REMOTE_HOST': '', 'CONTENT_LENGTH': '', 'SCRIPT_NAME': '', 'SERVER_PROTOCOL': 'HTTP/1.1', 'SERVER_SOFTWARE': 'WSGIServer/0.2', 'REQUEST_METHOD': 'GET', 'PATH_INFO': '/', 'QUERY_STRING': '', 'REMOTE_ADDR': '127.0.0.1', 'CONTENT_TYPE': 'text/plain', 'HTTP_HOST': '127.0.0.1:8080', 'HTTP_USER_AGENT': 'curl/7.81.0', 'HTTP_ACCEPT': '*/*', 'wsgi.input': <_io.BufferedReader name=4>, 'wsgi.errors': <_io.TextIOWrapper name='<stderr>' mode='w' encoding='utf-8'>, 'wsgi.version': (1, 0), 'wsgi.run_once': False, 'wsgi.url_scheme': 'http', 'wsgi.multithread': False, 'wsgi.multiprocess': False, 'wsgi.file_wrapper': <class 'wsgiref.util.FileWrapper'>}
./bottle.py BaseRequest __init__ environ: {'SHELL': '/bin/bash', 'ROS_VERSION': '2', 'CONDA_EXE': '/root/miniconda3/bin/conda', 'ROS_PYTHON_VERSION': '3', 'OLLAMA_MODELS': '/home/zhanghao/edu/ollama/model', 'PWD': '/root/bottle/examples', 'LOGNAME': 'root', 'XDG_SESSION_TYPE': 'tty', 'CONDA_PREFIX': '/root/miniconda3/envs/bottle_python_3_12', 'MOTD_SHOWN': 'pam', 'HOME': '/root', 'LANG': 'C.UTF-8', 'LS_COLORS': 'rs=0:di=01;34:ln=01;36:mh=00:pi=40;33:so=01;35:do=01;35:bd=40;33;01:cd=40;33;01:or=40;31;01:mi=00:su=37;41:sg=30;43:ca=30;41:tw=30;42:ow=34;42:st=37;44:ex=01;32:*.tar=01;31:*.tgz=01;31:*.arc=01;31:*.arj=01;31:*.taz=01;31:*.lha=01;31:*.lz4=01;31:*.lzh=01;31:*.lzma=01;31:*.tlz=01;31:*.txz=01;31:*.tzo=01;31:*.t7z=01;31:*.zip=01;31:*.z=01;31:*.dz=01;31:*.gz=01;31:*.lrz=01;31:*.lz=01;31:*.lzo=01;31:*.xz=01;31:*.zst=01;31:*.tzst=01;31:*.bz2=01;31:*.bz=01;31:*.tbz=01;31:*.tbz2=01;31:*.tz=01;31:*.deb=01;31:*.rpm=01;31:*.jar=01;31:*.war=01;31:*.ear=01;31:*.sar=01;31:*.rar=01;31:*.alz=01;31:*.ace=01;31:*.zoo=01;31:*.cpio=01;31:*.7z=01;31:*.rz=01;31:*.cab=01;31:*.wim=01;31:*.swm=01;31:*.dwm=01;31:*.esd=01;31:*.jpg=01;35:*.jpeg=01;35:*.mjpg=01;35:*.mjpeg=01;35:*.gif=01;35:*.bmp=01;35:*.pbm=01;35:*.pgm=01;35:*.ppm=01;35:*.tga=01;35:*.xbm=01;35:*.xpm=01;35:*.tif=01;35:*.tiff=01;35:*.png=01;35:*.svg=01;35:*.svgz=01;35:*.mng=01;35:*.pcx=01;35:*.mov=01;35:*.mpg=01;35:*.mpeg=01;35:*.m2v=01;35:*.mkv=01;35:*.webm=01;35:*.webp=01;35:*.ogm=01;35:*.mp4=01;35:*.m4v=01;35:*.mp4v=01;35:*.vob=01;35:*.qt=01;35:*.nuv=01;35:*.wmv=01;35:*.asf=01;35:*.rm=01;35:*.rmvb=01;35:*.flc=01;35:*.avi=01;35:*.fli=01;35:*.flv=01;35:*.gl=01;35:*.dl=01;35:*.xcf=01;35:*.xwd=01;35:*.yuv=01;35:*.cgm=01;35:*.emf=01;35:*.ogv=01;35:*.ogx=01;35:*.aac=00;36:*.au=00;36:*.flac=00;36:*.m4a=00;36:*.mid=00;36:*.midi=00;36:*.mka=00;36:*.mp3=00;36:*.mpc=00;36:*.ogg=00;36:*.ra=00;36:*.wav=00;36:*.oga=00;36:*.opus=00;36:*.spx=00;36:*.xspf=00;36:', 'CONDA_PROMPT_MODIFIER': '(bottle_python_3_12) ', 'AMENT_PREFIX_PATH': '/opt/ros/humble', 'LC_TERMINAL': 'iTerm2', 'SSH_CONNECTION': '172.16.67.112 62778 192.168.100.59 22', 'LESSCLOSE': '/usr/bin/lesspipe %s %s', 'XDG_SESSION_CLASS': 'user', 'PYTHONPATH': '/opt/ros/humble/lib/python3.10/site-packages:/opt/ros/humble/local/lib/python3.10/dist-packages', 'TERM': 'xterm-256color', 'LESSOPEN': '| /usr/bin/lesspipe %s', 'USER': 'root', 'CONDA_SHLVL': '2', 'LC_TERMINAL_VERSION': '3.3.7', 'SHLVL': '1', 'XDG_SESSION_ID': '32360', 'CONDA_PYTHON_EXE': '/root/miniconda3/bin/python', 'LD_LIBRARY_PATH': '/opt/ros/humble/opt/rviz_ogre_vendor/lib:/opt/ros/humble/lib/x86_64-linux-gnu:/opt/ros/humble/lib', 'XDG_RUNTIME_DIR': '/run/user/0', 'ROS_LOCALHOST_ONLY': '0', 'SSH_CLIENT': '172.16.67.112 62778 22', 'CONDA_DEFAULT_ENV': 'bottle_python_3_12', 'LC_TIME': 'C.UTF-8', 'XDG_DATA_DIRS': '/usr/local/share:/usr/share:/var/lib/snapd/desktop', 'PATH': '/opt/ros/humble/bin:/root/miniconda3/envs/bottle_python_3_12/bin:/root/miniconda3/condabin:/sbin:/usr/sbin:/usr/local/sbin:/usr/lpp/mmfs/bin:/usr/local/sbin:/usr/local/bin:/usr/sbin:/usr/bin:/sbin:/bin:/usr/games:/usr/local/games:/snap/bin', 'DBUS_SESSION_BUS_ADDRESS': 'unix:path=/run/user/0/bus', 'SSH_TTY': '/dev/pts/5', 'CONDA_PREFIX_1': '/root/miniconda3', 'ROS_DISTRO': 'humble', 'OLDPWD': '/root/bottle', '_': '/root/miniconda3/envs/bottle_python_3_12/bin/python', 'SERVER_NAME': 'localhost', 'GATEWAY_INTERFACE': 'CGI/1.1', 'SERVER_PORT': '8080', 'REMOTE_HOST': '', 'CONTENT_LENGTH': '', 'SCRIPT_NAME': '', 'SERVER_PROTOCOL': 'HTTP/1.1', 'SERVER_SOFTWARE': 'WSGIServer/0.2', 'REQUEST_METHOD': 'GET', 'PATH_INFO': '/', 'QUERY_STRING': '', 'REMOTE_ADDR': '127.0.0.1', 'CONTENT_TYPE': 'text/plain', 'HTTP_HOST': '127.0.0.1:8080', 'HTTP_USER_AGENT': 'curl/7.81.0', 'HTTP_ACCEPT': '*/*', 'wsgi.input': <_io.BufferedReader name=4>, 'wsgi.errors': <_io.TextIOWrapper name='<stderr>' mode='w' encoding='utf-8'>, 'wsgi.version': (1, 0), 'wsgi.run_once': False, 'wsgi.url_scheme': 'http', 'wsgi.multithread': False, 'wsgi.multiprocess': False, 'wsgi.file_wrapper': <class 'wsgiref.util.FileWrapper'>, 'bottle.raw_path': '/', 'bottle.app': <bottle.Bottle object at 0x7ff510a3f050>}
./bottle.py BaseRequest __setattr__ name: environ
./bottle.py BaseRequest __setattr__ value: {'SHELL': '/bin/bash', 'ROS_VERSION': '2', 'CONDA_EXE': '/root/miniconda3/bin/conda', 'ROS_PYTHON_VERSION': '3', 'OLLAMA_MODELS': '/home/zhanghao/edu/ollama/model', 'PWD': '/root/bottle/examples', 'LOGNAME': 'root', 'XDG_SESSION_TYPE': 'tty', 'CONDA_PREFIX': '/root/miniconda3/envs/bottle_python_3_12', 'MOTD_SHOWN': 'pam', 'HOME': '/root', 'LANG': 'C.UTF-8', 'LS_COLORS': 'rs=0:di=01;34:ln=01;36:mh=00:pi=40;33:so=01;35:do=01;35:bd=40;33;01:cd=40;33;01:or=40;31;01:mi=00:su=37;41:sg=30;43:ca=30;41:tw=30;42:ow=34;42:st=37;44:ex=01;32:*.tar=01;31:*.tgz=01;31:*.arc=01;31:*.arj=01;31:*.taz=01;31:*.lha=01;31:*.lz4=01;31:*.lzh=01;31:*.lzma=01;31:*.tlz=01;31:*.txz=01;31:*.tzo=01;31:*.t7z=01;31:*.zip=01;31:*.z=01;31:*.dz=01;31:*.gz=01;31:*.lrz=01;31:*.lz=01;31:*.lzo=01;31:*.xz=01;31:*.zst=01;31:*.tzst=01;31:*.bz2=01;31:*.bz=01;31:*.tbz=01;31:*.tbz2=01;31:*.tz=01;31:*.deb=01;31:*.rpm=01;31:*.jar=01;31:*.war=01;31:*.ear=01;31:*.sar=01;31:*.rar=01;31:*.alz=01;31:*.ace=01;31:*.zoo=01;31:*.cpio=01;31:*.7z=01;31:*.rz=01;31:*.cab=01;31:*.wim=01;31:*.swm=01;31:*.dwm=01;31:*.esd=01;31:*.jpg=01;35:*.jpeg=01;35:*.mjpg=01;35:*.mjpeg=01;35:*.gif=01;35:*.bmp=01;35:*.pbm=01;35:*.pgm=01;35:*.ppm=01;35:*.tga=01;35:*.xbm=01;35:*.xpm=01;35:*.tif=01;35:*.tiff=01;35:*.png=01;35:*.svg=01;35:*.svgz=01;35:*.mng=01;35:*.pcx=01;35:*.mov=01;35:*.mpg=01;35:*.mpeg=01;35:*.m2v=01;35:*.mkv=01;35:*.webm=01;35:*.webp=01;35:*.ogm=01;35:*.mp4=01;35:*.m4v=01;35:*.mp4v=01;35:*.vob=01;35:*.qt=01;35:*.nuv=01;35:*.wmv=01;35:*.asf=01;35:*.rm=01;35:*.rmvb=01;35:*.flc=01;35:*.avi=01;35:*.fli=01;35:*.flv=01;35:*.gl=01;35:*.dl=01;35:*.xcf=01;35:*.xwd=01;35:*.yuv=01;35:*.cgm=01;35:*.emf=01;35:*.ogv=01;35:*.ogx=01;35:*.aac=00;36:*.au=00;36:*.flac=00;36:*.m4a=00;36:*.mid=00;36:*.midi=00;36:*.mka=00;36:*.mp3=00;36:*.mpc=00;36:*.ogg=00;36:*.ra=00;36:*.wav=00;36:*.oga=00;36:*.opus=00;36:*.spx=00;36:*.xspf=00;36:', 'CONDA_PROMPT_MODIFIER': '(bottle_python_3_12) ', 'AMENT_PREFIX_PATH': '/opt/ros/humble', 'LC_TERMINAL': 'iTerm2', 'SSH_CONNECTION': '172.16.67.112 62778 192.168.100.59 22', 'LESSCLOSE': '/usr/bin/lesspipe %s %s', 'XDG_SESSION_CLASS': 'user', 'PYTHONPATH': '/opt/ros/humble/lib/python3.10/site-packages:/opt/ros/humble/local/lib/python3.10/dist-packages', 'TERM': 'xterm-256color', 'LESSOPEN': '| /usr/bin/lesspipe %s', 'USER': 'root', 'CONDA_SHLVL': '2', 'LC_TERMINAL_VERSION': '3.3.7', 'SHLVL': '1', 'XDG_SESSION_ID': '32360', 'CONDA_PYTHON_EXE': '/root/miniconda3/bin/python', 'LD_LIBRARY_PATH': '/opt/ros/humble/opt/rviz_ogre_vendor/lib:/opt/ros/humble/lib/x86_64-linux-gnu:/opt/ros/humble/lib', 'XDG_RUNTIME_DIR': '/run/user/0', 'ROS_LOCALHOST_ONLY': '0', 'SSH_CLIENT': '172.16.67.112 62778 22', 'CONDA_DEFAULT_ENV': 'bottle_python_3_12', 'LC_TIME': 'C.UTF-8', 'XDG_DATA_DIRS': '/usr/local/share:/usr/share:/var/lib/snapd/desktop', 'PATH': '/opt/ros/humble/bin:/root/miniconda3/envs/bottle_python_3_12/bin:/root/miniconda3/condabin:/sbin:/usr/sbin:/usr/local/sbin:/usr/lpp/mmfs/bin:/usr/local/sbin:/usr/local/bin:/usr/sbin:/usr/bin:/sbin:/bin:/usr/games:/usr/local/games:/snap/bin', 'DBUS_SESSION_BUS_ADDRESS': 'unix:path=/run/user/0/bus', 'SSH_TTY': '/dev/pts/5', 'CONDA_PREFIX_1': '/root/miniconda3', 'ROS_DISTRO': 'humble', 'OLDPWD': '/root/bottle', '_': '/root/miniconda3/envs/bottle_python_3_12/bin/python', 'SERVER_NAME': 'localhost', 'GATEWAY_INTERFACE': 'CGI/1.1', 'SERVER_PORT': '8080', 'REMOTE_HOST': '', 'CONTENT_LENGTH': '', 'SCRIPT_NAME': '', 'SERVER_PROTOCOL': 'HTTP/1.1', 'SERVER_SOFTWARE': 'WSGIServer/0.2', 'REQUEST_METHOD': 'GET', 'PATH_INFO': '/', 'QUERY_STRING': '', 'REMOTE_ADDR': '127.0.0.1', 'CONTENT_TYPE': 'text/plain', 'HTTP_HOST': '127.0.0.1:8080', 'HTTP_USER_AGENT': 'curl/7.81.0', 'HTTP_ACCEPT': '*/*', 'wsgi.input': <_io.BufferedReader name=4>, 'wsgi.errors': <_io.TextIOWrapper name='<stderr>' mode='w' encoding='utf-8'>, 'wsgi.version': (1, 0), 'wsgi.run_once': False, 'wsgi.url_scheme': 'http', 'wsgi.multithread': False, 'wsgi.multiprocess': False, 'wsgi.file_wrapper': <class 'wsgiref.util.FileWrapper'>, 'bottle.raw_path': '/', 'bottle.app': <bottle.Bottle object at 0x7ff510a3f050>}
./bottle.py _local_property fset value: {'SHELL': '/bin/bash', 'ROS_VERSION': '2', 'CONDA_EXE': '/root/miniconda3/bin/conda', 'ROS_PYTHON_VERSION': '3', 'OLLAMA_MODELS': '/home/zhanghao/edu/ollama/model', 'PWD': '/root/bottle/examples', 'LOGNAME': 'root', 'XDG_SESSION_TYPE': 'tty', 'CONDA_PREFIX': '/root/miniconda3/envs/bottle_python_3_12', 'MOTD_SHOWN': 'pam', 'HOME': '/root', 'LANG': 'C.UTF-8', 'LS_COLORS': 'rs=0:di=01;34:ln=01;36:mh=00:pi=40;33:so=01;35:do=01;35:bd=40;33;01:cd=40;33;01:or=40;31;01:mi=00:su=37;41:sg=30;43:ca=30;41:tw=30;42:ow=34;42:st=37;44:ex=01;32:*.tar=01;31:*.tgz=01;31:*.arc=01;31:*.arj=01;31:*.taz=01;31:*.lha=01;31:*.lz4=01;31:*.lzh=01;31:*.lzma=01;31:*.tlz=01;31:*.txz=01;31:*.tzo=01;31:*.t7z=01;31:*.zip=01;31:*.z=01;31:*.dz=01;31:*.gz=01;31:*.lrz=01;31:*.lz=01;31:*.lzo=01;31:*.xz=01;31:*.zst=01;31:*.tzst=01;31:*.bz2=01;31:*.bz=01;31:*.tbz=01;31:*.tbz2=01;31:*.tz=01;31:*.deb=01;31:*.rpm=01;31:*.jar=01;31:*.war=01;31:*.ear=01;31:*.sar=01;31:*.rar=01;31:*.alz=01;31:*.ace=01;31:*.zoo=01;31:*.cpio=01;31:*.7z=01;31:*.rz=01;31:*.cab=01;31:*.wim=01;31:*.swm=01;31:*.dwm=01;31:*.esd=01;31:*.jpg=01;35:*.jpeg=01;35:*.mjpg=01;35:*.mjpeg=01;35:*.gif=01;35:*.bmp=01;35:*.pbm=01;35:*.pgm=01;35:*.ppm=01;35:*.tga=01;35:*.xbm=01;35:*.xpm=01;35:*.tif=01;35:*.tiff=01;35:*.png=01;35:*.svg=01;35:*.svgz=01;35:*.mng=01;35:*.pcx=01;35:*.mov=01;35:*.mpg=01;35:*.mpeg=01;35:*.m2v=01;35:*.mkv=01;35:*.webm=01;35:*.webp=01;35:*.ogm=01;35:*.mp4=01;35:*.m4v=01;35:*.mp4v=01;35:*.vob=01;35:*.qt=01;35:*.nuv=01;35:*.wmv=01;35:*.asf=01;35:*.rm=01;35:*.rmvb=01;35:*.flc=01;35:*.avi=01;35:*.fli=01;35:*.flv=01;35:*.gl=01;35:*.dl=01;35:*.xcf=01;35:*.xwd=01;35:*.yuv=01;35:*.cgm=01;35:*.emf=01;35:*.ogv=01;35:*.ogx=01;35:*.aac=00;36:*.au=00;36:*.flac=00;36:*.m4a=00;36:*.mid=00;36:*.midi=00;36:*.mka=00;36:*.mp3=00;36:*.mpc=00;36:*.ogg=00;36:*.ra=00;36:*.wav=00;36:*.oga=00;36:*.opus=00;36:*.spx=00;36:*.xspf=00;36:', 'CONDA_PROMPT_MODIFIER': '(bottle_python_3_12) ', 'AMENT_PREFIX_PATH': '/opt/ros/humble', 'LC_TERMINAL': 'iTerm2', 'SSH_CONNECTION': '172.16.67.112 62778 192.168.100.59 22', 'LESSCLOSE': '/usr/bin/lesspipe %s %s', 'XDG_SESSION_CLASS': 'user', 'PYTHONPATH': '/opt/ros/humble/lib/python3.10/site-packages:/opt/ros/humble/local/lib/python3.10/dist-packages', 'TERM': 'xterm-256color', 'LESSOPEN': '| /usr/bin/lesspipe %s', 'USER': 'root', 'CONDA_SHLVL': '2', 'LC_TERMINAL_VERSION': '3.3.7', 'SHLVL': '1', 'XDG_SESSION_ID': '32360', 'CONDA_PYTHON_EXE': '/root/miniconda3/bin/python', 'LD_LIBRARY_PATH': '/opt/ros/humble/opt/rviz_ogre_vendor/lib:/opt/ros/humble/lib/x86_64-linux-gnu:/opt/ros/humble/lib', 'XDG_RUNTIME_DIR': '/run/user/0', 'ROS_LOCALHOST_ONLY': '0', 'SSH_CLIENT': '172.16.67.112 62778 22', 'CONDA_DEFAULT_ENV': 'bottle_python_3_12', 'LC_TIME': 'C.UTF-8', 'XDG_DATA_DIRS': '/usr/local/share:/usr/share:/var/lib/snapd/desktop', 'PATH': '/opt/ros/humble/bin:/root/miniconda3/envs/bottle_python_3_12/bin:/root/miniconda3/condabin:/sbin:/usr/sbin:/usr/local/sbin:/usr/lpp/mmfs/bin:/usr/local/sbin:/usr/local/bin:/usr/sbin:/usr/bin:/sbin:/bin:/usr/games:/usr/local/games:/snap/bin', 'DBUS_SESSION_BUS_ADDRESS': 'unix:path=/run/user/0/bus', 'SSH_TTY': '/dev/pts/5', 'CONDA_PREFIX_1': '/root/miniconda3', 'ROS_DISTRO': 'humble', 'OLDPWD': '/root/bottle', '_': '/root/miniconda3/envs/bottle_python_3_12/bin/python', 'SERVER_NAME': 'localhost', 'GATEWAY_INTERFACE': 'CGI/1.1', 'SERVER_PORT': '8080', 'REMOTE_HOST': '', 'CONTENT_LENGTH': '', 'SCRIPT_NAME': '', 'SERVER_PROTOCOL': 'HTTP/1.1', 'SERVER_SOFTWARE': 'WSGIServer/0.2', 'REQUEST_METHOD': 'GET', 'PATH_INFO': '/', 'QUERY_STRING': '', 'REMOTE_ADDR': '127.0.0.1', 'CONTENT_TYPE': 'text/plain', 'HTTP_HOST': '127.0.0.1:8080', 'HTTP_USER_AGENT': 'curl/7.81.0', 'HTTP_ACCEPT': '*/*', 'wsgi.input': <_io.BufferedReader name=4>, 'wsgi.errors': <_io.TextIOWrapper name='<stderr>' mode='w' encoding='utf-8'>, 'wsgi.version': (1, 0), 'wsgi.run_once': False, 'wsgi.url_scheme': 'http', 'wsgi.multithread': False, 'wsgi.multiprocess': False, 'wsgi.file_wrapper': <class 'wsgiref.util.FileWrapper'>, 'bottle.raw_path': '/', 'bottle.app': <bottle.Bottle object at 0x7ff510a3f050>}
./bottle.py BaseResponse __init__ body:
./bottle.py BaseResponse __init__ status: None
./bottle.py BaseResponse __init__ headers: None
./bottle.py BaseResponse __init__ more_headers: {}
./bottle.py _local_property fset value: None
./bottle.py _local_property fset value: {}
./bottle.py _local_property fset value:
./bottle.py BaseResponse _set_status status: 200
./bottle.py _local_property fset value: 200
./bottle.py _local_property fset value: 200 OK
./bottle.py Bottle trigger_hook __name: before_request
./bottle.py Bottle trigger_hook args: ()
./bottle.py Bottle trigger_hook kwargs: {}
./bottle.py Router match environ: {'SHELL': '/bin/bash', 'ROS_VERSION': '2', 'CONDA_EXE': '/root/miniconda3/bin/conda', 'ROS_PYTHON_VERSION': '3', 'OLLAMA_MODELS': '/home/zhanghao/edu/ollama/model', 'PWD': '/root/bottle/examples', 'LOGNAME': 'root', 'XDG_SESSION_TYPE': 'tty', 'CONDA_PREFIX': '/root/miniconda3/envs/bottle_python_3_12', 'MOTD_SHOWN': 'pam', 'HOME': '/root', 'LANG': 'C.UTF-8', 'LS_COLORS': 'rs=0:di=01;34:ln=01;36:mh=00:pi=40;33:so=01;35:do=01;35:bd=40;33;01:cd=40;33;01:or=40;31;01:mi=00:su=37;41:sg=30;43:ca=30;41:tw=30;42:ow=34;42:st=37;44:ex=01;32:*.tar=01;31:*.tgz=01;31:*.arc=01;31:*.arj=01;31:*.taz=01;31:*.lha=01;31:*.lz4=01;31:*.lzh=01;31:*.lzma=01;31:*.tlz=01;31:*.txz=01;31:*.tzo=01;31:*.t7z=01;31:*.zip=01;31:*.z=01;31:*.dz=01;31:*.gz=01;31:*.lrz=01;31:*.lz=01;31:*.lzo=01;31:*.xz=01;31:*.zst=01;31:*.tzst=01;31:*.bz2=01;31:*.bz=01;31:*.tbz=01;31:*.tbz2=01;31:*.tz=01;31:*.deb=01;31:*.rpm=01;31:*.jar=01;31:*.war=01;31:*.ear=01;31:*.sar=01;31:*.rar=01;31:*.alz=01;31:*.ace=01;31:*.zoo=01;31:*.cpio=01;31:*.7z=01;31:*.rz=01;31:*.cab=01;31:*.wim=01;31:*.swm=01;31:*.dwm=01;31:*.esd=01;31:*.jpg=01;35:*.jpeg=01;35:*.mjpg=01;35:*.mjpeg=01;35:*.gif=01;35:*.bmp=01;35:*.pbm=01;35:*.pgm=01;35:*.ppm=01;35:*.tga=01;35:*.xbm=01;35:*.xpm=01;35:*.tif=01;35:*.tiff=01;35:*.png=01;35:*.svg=01;35:*.svgz=01;35:*.mng=01;35:*.pcx=01;35:*.mov=01;35:*.mpg=01;35:*.mpeg=01;35:*.m2v=01;35:*.mkv=01;35:*.webm=01;35:*.webp=01;35:*.ogm=01;35:*.mp4=01;35:*.m4v=01;35:*.mp4v=01;35:*.vob=01;35:*.qt=01;35:*.nuv=01;35:*.wmv=01;35:*.asf=01;35:*.rm=01;35:*.rmvb=01;35:*.flc=01;35:*.avi=01;35:*.fli=01;35:*.flv=01;35:*.gl=01;35:*.dl=01;35:*.xcf=01;35:*.xwd=01;35:*.yuv=01;35:*.cgm=01;35:*.emf=01;35:*.ogv=01;35:*.ogx=01;35:*.aac=00;36:*.au=00;36:*.flac=00;36:*.m4a=00;36:*.mid=00;36:*.midi=00;36:*.mka=00;36:*.mp3=00;36:*.mpc=00;36:*.ogg=00;36:*.ra=00;36:*.wav=00;36:*.oga=00;36:*.opus=00;36:*.spx=00;36:*.xspf=00;36:', 'CONDA_PROMPT_MODIFIER': '(bottle_python_3_12) ', 'AMENT_PREFIX_PATH': '/opt/ros/humble', 'LC_TERMINAL': 'iTerm2', 'SSH_CONNECTION': '172.16.67.112 62778 192.168.100.59 22', 'LESSCLOSE': '/usr/bin/lesspipe %s %s', 'XDG_SESSION_CLASS': 'user', 'PYTHONPATH': '/opt/ros/humble/lib/python3.10/site-packages:/opt/ros/humble/local/lib/python3.10/dist-packages', 'TERM': 'xterm-256color', 'LESSOPEN': '| /usr/bin/lesspipe %s', 'USER': 'root', 'CONDA_SHLVL': '2', 'LC_TERMINAL_VERSION': '3.3.7', 'SHLVL': '1', 'XDG_SESSION_ID': '32360', 'CONDA_PYTHON_EXE': '/root/miniconda3/bin/python', 'LD_LIBRARY_PATH': '/opt/ros/humble/opt/rviz_ogre_vendor/lib:/opt/ros/humble/lib/x86_64-linux-gnu:/opt/ros/humble/lib', 'XDG_RUNTIME_DIR': '/run/user/0', 'ROS_LOCALHOST_ONLY': '0', 'SSH_CLIENT': '172.16.67.112 62778 22', 'CONDA_DEFAULT_ENV': 'bottle_python_3_12', 'LC_TIME': 'C.UTF-8', 'XDG_DATA_DIRS': '/usr/local/share:/usr/share:/var/lib/snapd/desktop', 'PATH': '/opt/ros/humble/bin:/root/miniconda3/envs/bottle_python_3_12/bin:/root/miniconda3/condabin:/sbin:/usr/sbin:/usr/local/sbin:/usr/lpp/mmfs/bin:/usr/local/sbin:/usr/local/bin:/usr/sbin:/usr/bin:/sbin:/bin:/usr/games:/usr/local/games:/snap/bin', 'DBUS_SESSION_BUS_ADDRESS': 'unix:path=/run/user/0/bus', 'SSH_TTY': '/dev/pts/5', 'CONDA_PREFIX_1': '/root/miniconda3', 'ROS_DISTRO': 'humble', 'OLDPWD': '/root/bottle', '_': '/root/miniconda3/envs/bottle_python_3_12/bin/python', 'SERVER_NAME': 'localhost', 'GATEWAY_INTERFACE': 'CGI/1.1', 'SERVER_PORT': '8080', 'REMOTE_HOST': '', 'CONTENT_LENGTH': '', 'SCRIPT_NAME': '', 'SERVER_PROTOCOL': 'HTTP/1.1', 'SERVER_SOFTWARE': 'WSGIServer/0.2', 'REQUEST_METHOD': 'GET', 'PATH_INFO': '/', 'QUERY_STRING': '', 'REMOTE_ADDR': '127.0.0.1', 'CONTENT_TYPE': 'text/plain', 'HTTP_HOST': '127.0.0.1:8080', 'HTTP_USER_AGENT': 'curl/7.81.0', 'HTTP_ACCEPT': '*/*', 'wsgi.input': <_io.BufferedReader name=4>, 'wsgi.errors': <_io.TextIOWrapper name='<stderr>' mode='w' encoding='utf-8'>, 'wsgi.version': (1, 0), 'wsgi.run_once': False, 'wsgi.url_scheme': 'http', 'wsgi.multithread': False, 'wsgi.multiprocess': False, 'wsgi.file_wrapper': <class 'wsgiref.util.FileWrapper'>, 'bottle.raw_path': '/', 'bottle.app': <bottle.Bottle object at 0x7ff510a3f050>, 'bottle.request': <LocalRequest: GET http://127.0.0.1:8080/>, 'bottle.request.urlparts': SplitResult(scheme='http', netloc='127.0.0.1:8080', path='/', query='', fragment='')}
./bottle.py Bottle trigger_hook __name: after_request
./bottle.py Bottle trigger_hook args: ()
./bottle.py Bottle trigger_hook kwargs: {}
./bottle.py Bottle _cast out: Hello World!
./bottle.py Bottle _cast peek: None
./bottle.py BaseResponse charset default: UTF-8
./bottle.py HeaderProperty __get__ obj: Content-Type: text/html; charset=UTF-8

./bottle.py BaseResponse get_header name: Content-Type
./bottle.py BaseResponse get_header default:
./bottle.py _hkey key: Content-Type
./bottle.py BaseResponse __contains__ name: Content-Length
./bottle.py _hkey key: Content-Length
./bottle.py BaseResponse __setitem__ name: Content-Length
./bottle.py BaseResponse __setitem__ value: 12
./bottle.py _hval value: 12
./bottle.py touni s: 12
./bottle.py touni enc: utf8
./bottle.py touni err: strict
./bottle.py _hkey key: Content-Length
127.0.0.1 - - [12/Dec/2025 15:56:29] "GET / HTTP/1.1" 200 12

----------------------------------------------------------------------------------------------------------------------------------------------------------------
./bottle.py Bottle __call__ environ: {'SHELL': '/bin/bash', 'ROS_VERSION': '2', 'CONDA_EXE': '/root/miniconda3/bin/conda', 'ROS_PYTHON_VERSION': '3', 'OLLAMA_MODELS': '/home/zhanghao/edu/ollama/model', 'PWD': '/root/bottle/examples', 'LOGNAME': 'root', 'XDG_SESSION_TYPE': 'tty', 'CONDA_PREFIX': '/root/miniconda3/envs/bottle_python_3_12', 'MOTD_SHOWN': 'pam', 'HOME': '/root', 'LANG': 'C.UTF-8', 'LS_COLORS': 'rs=0:di=01;34:ln=01;36:mh=00:pi=40;33:so=01;35:do=01;35:bd=40;33;01:cd=40;33;01:or=40;31;01:mi=00:su=37;41:sg=30;43:ca=30;41:tw=30;42:ow=34;42:st=37;44:ex=01;32:*.tar=01;31:*.tgz=01;31:*.arc=01;31:*.arj=01;31:*.taz=01;31:*.lha=01;31:*.lz4=01;31:*.lzh=01;31:*.lzma=01;31:*.tlz=01;31:*.txz=01;31:*.tzo=01;31:*.t7z=01;31:*.zip=01;31:*.z=01;31:*.dz=01;31:*.gz=01;31:*.lrz=01;31:*.lz=01;31:*.lzo=01;31:*.xz=01;31:*.zst=01;31:*.tzst=01;31:*.bz2=01;31:*.bz=01;31:*.tbz=01;31:*.tbz2=01;31:*.tz=01;31:*.deb=01;31:*.rpm=01;31:*.jar=01;31:*.war=01;31:*.ear=01;31:*.sar=01;31:*.rar=01;31:*.alz=01;31:*.ace=01;31:*.zoo=01;31:*.cpio=01;31:*.7z=01;31:*.rz=01;31:*.cab=01;31:*.wim=01;31:*.swm=01;31:*.dwm=01;31:*.esd=01;31:*.jpg=01;35:*.jpeg=01;35:*.mjpg=01;35:*.mjpeg=01;35:*.gif=01;35:*.bmp=01;35:*.pbm=01;35:*.pgm=01;35:*.ppm=01;35:*.tga=01;35:*.xbm=01;35:*.xpm=01;35:*.tif=01;35:*.tiff=01;35:*.png=01;35:*.svg=01;35:*.svgz=01;35:*.mng=01;35:*.pcx=01;35:*.mov=01;35:*.mpg=01;35:*.mpeg=01;35:*.m2v=01;35:*.mkv=01;35:*.webm=01;35:*.webp=01;35:*.ogm=01;35:*.mp4=01;35:*.m4v=01;35:*.mp4v=01;35:*.vob=01;35:*.qt=01;35:*.nuv=01;35:*.wmv=01;35:*.asf=01;35:*.rm=01;35:*.rmvb=01;35:*.flc=01;35:*.avi=01;35:*.fli=01;35:*.flv=01;35:*.gl=01;35:*.dl=01;35:*.xcf=01;35:*.xwd=01;35:*.yuv=01;35:*.cgm=01;35:*.emf=01;35:*.ogv=01;35:*.ogx=01;35:*.aac=00;36:*.au=00;36:*.flac=00;36:*.m4a=00;36:*.mid=00;36:*.midi=00;36:*.mka=00;36:*.mp3=00;36:*.mpc=00;36:*.ogg=00;36:*.ra=00;36:*.wav=00;36:*.oga=00;36:*.opus=00;36:*.spx=00;36:*.xspf=00;36:', 'CONDA_PROMPT_MODIFIER': '(bottle_python_3_12) ', 'AMENT_PREFIX_PATH': '/opt/ros/humble', 'LC_TERMINAL': 'iTerm2', 'SSH_CONNECTION': '172.16.67.112 62778 192.168.100.59 22', 'LESSCLOSE': '/usr/bin/lesspipe %s %s', 'XDG_SESSION_CLASS': 'user', 'PYTHONPATH': '/opt/ros/humble/lib/python3.10/site-packages:/opt/ros/humble/local/lib/python3.10/dist-packages', 'TERM': 'xterm-256color', 'LESSOPEN': '| /usr/bin/lesspipe %s', 'USER': 'root', 'CONDA_SHLVL': '2', 'LC_TERMINAL_VERSION': '3.3.7', 'SHLVL': '1', 'XDG_SESSION_ID': '32360', 'CONDA_PYTHON_EXE': '/root/miniconda3/bin/python', 'LD_LIBRARY_PATH': '/opt/ros/humble/opt/rviz_ogre_vendor/lib:/opt/ros/humble/lib/x86_64-linux-gnu:/opt/ros/humble/lib', 'XDG_RUNTIME_DIR': '/run/user/0', 'ROS_LOCALHOST_ONLY': '0', 'SSH_CLIENT': '172.16.67.112 62778 22', 'CONDA_DEFAULT_ENV': 'bottle_python_3_12', 'LC_TIME': 'C.UTF-8', 'XDG_DATA_DIRS': '/usr/local/share:/usr/share:/var/lib/snapd/desktop', 'PATH': '/opt/ros/humble/bin:/root/miniconda3/envs/bottle_python_3_12/bin:/root/miniconda3/condabin:/sbin:/usr/sbin:/usr/local/sbin:/usr/lpp/mmfs/bin:/usr/local/sbin:/usr/local/bin:/usr/sbin:/usr/bin:/sbin:/bin:/usr/games:/usr/local/games:/snap/bin', 'DBUS_SESSION_BUS_ADDRESS': 'unix:path=/run/user/0/bus', 'SSH_TTY': '/dev/pts/5', 'CONDA_PREFIX_1': '/root/miniconda3', 'ROS_DISTRO': 'humble', 'OLDPWD': '/root/bottle', '_': '/root/miniconda3/envs/bottle_python_3_12/bin/python', 'SERVER_NAME': 'localhost', 'GATEWAY_INTERFACE': 'CGI/1.1', 'SERVER_PORT': '8080', 'REMOTE_HOST': '', 'CONTENT_LENGTH': '', 'SCRIPT_NAME': '', 'SERVER_PROTOCOL': 'HTTP/1.1', 'SERVER_SOFTWARE': 'WSGIServer/0.2', 'REQUEST_METHOD': 'GET', 'PATH_INFO': '/hello', 'QUERY_STRING': 'name=Tim', 'REMOTE_ADDR': '127.0.0.1', 'CONTENT_TYPE': 'text/plain', 'HTTP_HOST': '127.0.0.1:8080', 'HTTP_USER_AGENT': 'curl/7.81.0', 'HTTP_ACCEPT': '*/*', 'wsgi.input': <_io.BufferedReader name=4>, 'wsgi.errors': <_io.TextIOWrapper name='<stderr>' mode='w' encoding='utf-8'>, 'wsgi.version': (1, 0), 'wsgi.run_once': False, 'wsgi.url_scheme': 'http', 'wsgi.multithread': False, 'wsgi.multiprocess': False, 'wsgi.file_wrapper': <class 'wsgiref.util.FileWrapper'>}
./bottle.py Bottle __call__ start_response: <bound method BaseHandler.start_response of <wsgiref.simple_server.ServerHandler object at 0x7ff50fd07860>>
./bottle.py Bottle wsgi environ: {'SHELL': '/bin/bash', 'ROS_VERSION': '2', 'CONDA_EXE': '/root/miniconda3/bin/conda', 'ROS_PYTHON_VERSION': '3', 'OLLAMA_MODELS': '/home/zhanghao/edu/ollama/model', 'PWD': '/root/bottle/examples', 'LOGNAME': 'root', 'XDG_SESSION_TYPE': 'tty', 'CONDA_PREFIX': '/root/miniconda3/envs/bottle_python_3_12', 'MOTD_SHOWN': 'pam', 'HOME': '/root', 'LANG': 'C.UTF-8', 'LS_COLORS': 'rs=0:di=01;34:ln=01;36:mh=00:pi=40;33:so=01;35:do=01;35:bd=40;33;01:cd=40;33;01:or=40;31;01:mi=00:su=37;41:sg=30;43:ca=30;41:tw=30;42:ow=34;42:st=37;44:ex=01;32:*.tar=01;31:*.tgz=01;31:*.arc=01;31:*.arj=01;31:*.taz=01;31:*.lha=01;31:*.lz4=01;31:*.lzh=01;31:*.lzma=01;31:*.tlz=01;31:*.txz=01;31:*.tzo=01;31:*.t7z=01;31:*.zip=01;31:*.z=01;31:*.dz=01;31:*.gz=01;31:*.lrz=01;31:*.lz=01;31:*.lzo=01;31:*.xz=01;31:*.zst=01;31:*.tzst=01;31:*.bz2=01;31:*.bz=01;31:*.tbz=01;31:*.tbz2=01;31:*.tz=01;31:*.deb=01;31:*.rpm=01;31:*.jar=01;31:*.war=01;31:*.ear=01;31:*.sar=01;31:*.rar=01;31:*.alz=01;31:*.ace=01;31:*.zoo=01;31:*.cpio=01;31:*.7z=01;31:*.rz=01;31:*.cab=01;31:*.wim=01;31:*.swm=01;31:*.dwm=01;31:*.esd=01;31:*.jpg=01;35:*.jpeg=01;35:*.mjpg=01;35:*.mjpeg=01;35:*.gif=01;35:*.bmp=01;35:*.pbm=01;35:*.pgm=01;35:*.ppm=01;35:*.tga=01;35:*.xbm=01;35:*.xpm=01;35:*.tif=01;35:*.tiff=01;35:*.png=01;35:*.svg=01;35:*.svgz=01;35:*.mng=01;35:*.pcx=01;35:*.mov=01;35:*.mpg=01;35:*.mpeg=01;35:*.m2v=01;35:*.mkv=01;35:*.webm=01;35:*.webp=01;35:*.ogm=01;35:*.mp4=01;35:*.m4v=01;35:*.mp4v=01;35:*.vob=01;35:*.qt=01;35:*.nuv=01;35:*.wmv=01;35:*.asf=01;35:*.rm=01;35:*.rmvb=01;35:*.flc=01;35:*.avi=01;35:*.fli=01;35:*.flv=01;35:*.gl=01;35:*.dl=01;35:*.xcf=01;35:*.xwd=01;35:*.yuv=01;35:*.cgm=01;35:*.emf=01;35:*.ogv=01;35:*.ogx=01;35:*.aac=00;36:*.au=00;36:*.flac=00;36:*.m4a=00;36:*.mid=00;36:*.midi=00;36:*.mka=00;36:*.mp3=00;36:*.mpc=00;36:*.ogg=00;36:*.ra=00;36:*.wav=00;36:*.oga=00;36:*.opus=00;36:*.spx=00;36:*.xspf=00;36:', 'CONDA_PROMPT_MODIFIER': '(bottle_python_3_12) ', 'AMENT_PREFIX_PATH': '/opt/ros/humble', 'LC_TERMINAL': 'iTerm2', 'SSH_CONNECTION': '172.16.67.112 62778 192.168.100.59 22', 'LESSCLOSE': '/usr/bin/lesspipe %s %s', 'XDG_SESSION_CLASS': 'user', 'PYTHONPATH': '/opt/ros/humble/lib/python3.10/site-packages:/opt/ros/humble/local/lib/python3.10/dist-packages', 'TERM': 'xterm-256color', 'LESSOPEN': '| /usr/bin/lesspipe %s', 'USER': 'root', 'CONDA_SHLVL': '2', 'LC_TERMINAL_VERSION': '3.3.7', 'SHLVL': '1', 'XDG_SESSION_ID': '32360', 'CONDA_PYTHON_EXE': '/root/miniconda3/bin/python', 'LD_LIBRARY_PATH': '/opt/ros/humble/opt/rviz_ogre_vendor/lib:/opt/ros/humble/lib/x86_64-linux-gnu:/opt/ros/humble/lib', 'XDG_RUNTIME_DIR': '/run/user/0', 'ROS_LOCALHOST_ONLY': '0', 'SSH_CLIENT': '172.16.67.112 62778 22', 'CONDA_DEFAULT_ENV': 'bottle_python_3_12', 'LC_TIME': 'C.UTF-8', 'XDG_DATA_DIRS': '/usr/local/share:/usr/share:/var/lib/snapd/desktop', 'PATH': '/opt/ros/humble/bin:/root/miniconda3/envs/bottle_python_3_12/bin:/root/miniconda3/condabin:/sbin:/usr/sbin:/usr/local/sbin:/usr/lpp/mmfs/bin:/usr/local/sbin:/usr/local/bin:/usr/sbin:/usr/bin:/sbin:/bin:/usr/games:/usr/local/games:/snap/bin', 'DBUS_SESSION_BUS_ADDRESS': 'unix:path=/run/user/0/bus', 'SSH_TTY': '/dev/pts/5', 'CONDA_PREFIX_1': '/root/miniconda3', 'ROS_DISTRO': 'humble', 'OLDPWD': '/root/bottle', '_': '/root/miniconda3/envs/bottle_python_3_12/bin/python', 'SERVER_NAME': 'localhost', 'GATEWAY_INTERFACE': 'CGI/1.1', 'SERVER_PORT': '8080', 'REMOTE_HOST': '', 'CONTENT_LENGTH': '', 'SCRIPT_NAME': '', 'SERVER_PROTOCOL': 'HTTP/1.1', 'SERVER_SOFTWARE': 'WSGIServer/0.2', 'REQUEST_METHOD': 'GET', 'PATH_INFO': '/hello', 'QUERY_STRING': 'name=Tim', 'REMOTE_ADDR': '127.0.0.1', 'CONTENT_TYPE': 'text/plain', 'HTTP_HOST': '127.0.0.1:8080', 'HTTP_USER_AGENT': 'curl/7.81.0', 'HTTP_ACCEPT': '*/*', 'wsgi.input': <_io.BufferedReader name=4>, 'wsgi.errors': <_io.TextIOWrapper name='<stderr>' mode='w' encoding='utf-8'>, 'wsgi.version': (1, 0), 'wsgi.run_once': False, 'wsgi.url_scheme': 'http', 'wsgi.multithread': False, 'wsgi.multiprocess': False, 'wsgi.file_wrapper': <class 'wsgiref.util.FileWrapper'>}
./bottle.py Bottle wsgi start_response: <bound method BaseHandler.start_response of <wsgiref.simple_server.ServerHandler object at 0x7ff50fd07860>>
./bottle.py Bottle _handle environ: {'SHELL': '/bin/bash', 'ROS_VERSION': '2', 'CONDA_EXE': '/root/miniconda3/bin/conda', 'ROS_PYTHON_VERSION': '3', 'OLLAMA_MODELS': '/home/zhanghao/edu/ollama/model', 'PWD': '/root/bottle/examples', 'LOGNAME': 'root', 'XDG_SESSION_TYPE': 'tty', 'CONDA_PREFIX': '/root/miniconda3/envs/bottle_python_3_12', 'MOTD_SHOWN': 'pam', 'HOME': '/root', 'LANG': 'C.UTF-8', 'LS_COLORS': 'rs=0:di=01;34:ln=01;36:mh=00:pi=40;33:so=01;35:do=01;35:bd=40;33;01:cd=40;33;01:or=40;31;01:mi=00:su=37;41:sg=30;43:ca=30;41:tw=30;42:ow=34;42:st=37;44:ex=01;32:*.tar=01;31:*.tgz=01;31:*.arc=01;31:*.arj=01;31:*.taz=01;31:*.lha=01;31:*.lz4=01;31:*.lzh=01;31:*.lzma=01;31:*.tlz=01;31:*.txz=01;31:*.tzo=01;31:*.t7z=01;31:*.zip=01;31:*.z=01;31:*.dz=01;31:*.gz=01;31:*.lrz=01;31:*.lz=01;31:*.lzo=01;31:*.xz=01;31:*.zst=01;31:*.tzst=01;31:*.bz2=01;31:*.bz=01;31:*.tbz=01;31:*.tbz2=01;31:*.tz=01;31:*.deb=01;31:*.rpm=01;31:*.jar=01;31:*.war=01;31:*.ear=01;31:*.sar=01;31:*.rar=01;31:*.alz=01;31:*.ace=01;31:*.zoo=01;31:*.cpio=01;31:*.7z=01;31:*.rz=01;31:*.cab=01;31:*.wim=01;31:*.swm=01;31:*.dwm=01;31:*.esd=01;31:*.jpg=01;35:*.jpeg=01;35:*.mjpg=01;35:*.mjpeg=01;35:*.gif=01;35:*.bmp=01;35:*.pbm=01;35:*.pgm=01;35:*.ppm=01;35:*.tga=01;35:*.xbm=01;35:*.xpm=01;35:*.tif=01;35:*.tiff=01;35:*.png=01;35:*.svg=01;35:*.svgz=01;35:*.mng=01;35:*.pcx=01;35:*.mov=01;35:*.mpg=01;35:*.mpeg=01;35:*.m2v=01;35:*.mkv=01;35:*.webm=01;35:*.webp=01;35:*.ogm=01;35:*.mp4=01;35:*.m4v=01;35:*.mp4v=01;35:*.vob=01;35:*.qt=01;35:*.nuv=01;35:*.wmv=01;35:*.asf=01;35:*.rm=01;35:*.rmvb=01;35:*.flc=01;35:*.avi=01;35:*.fli=01;35:*.flv=01;35:*.gl=01;35:*.dl=01;35:*.xcf=01;35:*.xwd=01;35:*.yuv=01;35:*.cgm=01;35:*.emf=01;35:*.ogv=01;35:*.ogx=01;35:*.aac=00;36:*.au=00;36:*.flac=00;36:*.m4a=00;36:*.mid=00;36:*.midi=00;36:*.mka=00;36:*.mp3=00;36:*.mpc=00;36:*.ogg=00;36:*.ra=00;36:*.wav=00;36:*.oga=00;36:*.opus=00;36:*.spx=00;36:*.xspf=00;36:', 'CONDA_PROMPT_MODIFIER': '(bottle_python_3_12) ', 'AMENT_PREFIX_PATH': '/opt/ros/humble', 'LC_TERMINAL': 'iTerm2', 'SSH_CONNECTION': '172.16.67.112 62778 192.168.100.59 22', 'LESSCLOSE': '/usr/bin/lesspipe %s %s', 'XDG_SESSION_CLASS': 'user', 'PYTHONPATH': '/opt/ros/humble/lib/python3.10/site-packages:/opt/ros/humble/local/lib/python3.10/dist-packages', 'TERM': 'xterm-256color', 'LESSOPEN': '| /usr/bin/lesspipe %s', 'USER': 'root', 'CONDA_SHLVL': '2', 'LC_TERMINAL_VERSION': '3.3.7', 'SHLVL': '1', 'XDG_SESSION_ID': '32360', 'CONDA_PYTHON_EXE': '/root/miniconda3/bin/python', 'LD_LIBRARY_PATH': '/opt/ros/humble/opt/rviz_ogre_vendor/lib:/opt/ros/humble/lib/x86_64-linux-gnu:/opt/ros/humble/lib', 'XDG_RUNTIME_DIR': '/run/user/0', 'ROS_LOCALHOST_ONLY': '0', 'SSH_CLIENT': '172.16.67.112 62778 22', 'CONDA_DEFAULT_ENV': 'bottle_python_3_12', 'LC_TIME': 'C.UTF-8', 'XDG_DATA_DIRS': '/usr/local/share:/usr/share:/var/lib/snapd/desktop', 'PATH': '/opt/ros/humble/bin:/root/miniconda3/envs/bottle_python_3_12/bin:/root/miniconda3/condabin:/sbin:/usr/sbin:/usr/local/sbin:/usr/lpp/mmfs/bin:/usr/local/sbin:/usr/local/bin:/usr/sbin:/usr/bin:/sbin:/bin:/usr/games:/usr/local/games:/snap/bin', 'DBUS_SESSION_BUS_ADDRESS': 'unix:path=/run/user/0/bus', 'SSH_TTY': '/dev/pts/5', 'CONDA_PREFIX_1': '/root/miniconda3', 'ROS_DISTRO': 'humble', 'OLDPWD': '/root/bottle', '_': '/root/miniconda3/envs/bottle_python_3_12/bin/python', 'SERVER_NAME': 'localhost', 'GATEWAY_INTERFACE': 'CGI/1.1', 'SERVER_PORT': '8080', 'REMOTE_HOST': '', 'CONTENT_LENGTH': '', 'SCRIPT_NAME': '', 'SERVER_PROTOCOL': 'HTTP/1.1', 'SERVER_SOFTWARE': 'WSGIServer/0.2', 'REQUEST_METHOD': 'GET', 'PATH_INFO': '/hello', 'QUERY_STRING': 'name=Tim', 'REMOTE_ADDR': '127.0.0.1', 'CONTENT_TYPE': 'text/plain', 'HTTP_HOST': '127.0.0.1:8080', 'HTTP_USER_AGENT': 'curl/7.81.0', 'HTTP_ACCEPT': '*/*', 'wsgi.input': <_io.BufferedReader name=4>, 'wsgi.errors': <_io.TextIOWrapper name='<stderr>' mode='w' encoding='utf-8'>, 'wsgi.version': (1, 0), 'wsgi.run_once': False, 'wsgi.url_scheme': 'http', 'wsgi.multithread': False, 'wsgi.multiprocess': False, 'wsgi.file_wrapper': <class 'wsgiref.util.FileWrapper'>}
./bottle.py BaseRequest __init__ environ: {'SHELL': '/bin/bash', 'ROS_VERSION': '2', 'CONDA_EXE': '/root/miniconda3/bin/conda', 'ROS_PYTHON_VERSION': '3', 'OLLAMA_MODELS': '/home/zhanghao/edu/ollama/model', 'PWD': '/root/bottle/examples', 'LOGNAME': 'root', 'XDG_SESSION_TYPE': 'tty', 'CONDA_PREFIX': '/root/miniconda3/envs/bottle_python_3_12', 'MOTD_SHOWN': 'pam', 'HOME': '/root', 'LANG': 'C.UTF-8', 'LS_COLORS': 'rs=0:di=01;34:ln=01;36:mh=00:pi=40;33:so=01;35:do=01;35:bd=40;33;01:cd=40;33;01:or=40;31;01:mi=00:su=37;41:sg=30;43:ca=30;41:tw=30;42:ow=34;42:st=37;44:ex=01;32:*.tar=01;31:*.tgz=01;31:*.arc=01;31:*.arj=01;31:*.taz=01;31:*.lha=01;31:*.lz4=01;31:*.lzh=01;31:*.lzma=01;31:*.tlz=01;31:*.txz=01;31:*.tzo=01;31:*.t7z=01;31:*.zip=01;31:*.z=01;31:*.dz=01;31:*.gz=01;31:*.lrz=01;31:*.lz=01;31:*.lzo=01;31:*.xz=01;31:*.zst=01;31:*.tzst=01;31:*.bz2=01;31:*.bz=01;31:*.tbz=01;31:*.tbz2=01;31:*.tz=01;31:*.deb=01;31:*.rpm=01;31:*.jar=01;31:*.war=01;31:*.ear=01;31:*.sar=01;31:*.rar=01;31:*.alz=01;31:*.ace=01;31:*.zoo=01;31:*.cpio=01;31:*.7z=01;31:*.rz=01;31:*.cab=01;31:*.wim=01;31:*.swm=01;31:*.dwm=01;31:*.esd=01;31:*.jpg=01;35:*.jpeg=01;35:*.mjpg=01;35:*.mjpeg=01;35:*.gif=01;35:*.bmp=01;35:*.pbm=01;35:*.pgm=01;35:*.ppm=01;35:*.tga=01;35:*.xbm=01;35:*.xpm=01;35:*.tif=01;35:*.tiff=01;35:*.png=01;35:*.svg=01;35:*.svgz=01;35:*.mng=01;35:*.pcx=01;35:*.mov=01;35:*.mpg=01;35:*.mpeg=01;35:*.m2v=01;35:*.mkv=01;35:*.webm=01;35:*.webp=01;35:*.ogm=01;35:*.mp4=01;35:*.m4v=01;35:*.mp4v=01;35:*.vob=01;35:*.qt=01;35:*.nuv=01;35:*.wmv=01;35:*.asf=01;35:*.rm=01;35:*.rmvb=01;35:*.flc=01;35:*.avi=01;35:*.fli=01;35:*.flv=01;35:*.gl=01;35:*.dl=01;35:*.xcf=01;35:*.xwd=01;35:*.yuv=01;35:*.cgm=01;35:*.emf=01;35:*.ogv=01;35:*.ogx=01;35:*.aac=00;36:*.au=00;36:*.flac=00;36:*.m4a=00;36:*.mid=00;36:*.midi=00;36:*.mka=00;36:*.mp3=00;36:*.mpc=00;36:*.ogg=00;36:*.ra=00;36:*.wav=00;36:*.oga=00;36:*.opus=00;36:*.spx=00;36:*.xspf=00;36:', 'CONDA_PROMPT_MODIFIER': '(bottle_python_3_12) ', 'AMENT_PREFIX_PATH': '/opt/ros/humble', 'LC_TERMINAL': 'iTerm2', 'SSH_CONNECTION': '172.16.67.112 62778 192.168.100.59 22', 'LESSCLOSE': '/usr/bin/lesspipe %s %s', 'XDG_SESSION_CLASS': 'user', 'PYTHONPATH': '/opt/ros/humble/lib/python3.10/site-packages:/opt/ros/humble/local/lib/python3.10/dist-packages', 'TERM': 'xterm-256color', 'LESSOPEN': '| /usr/bin/lesspipe %s', 'USER': 'root', 'CONDA_SHLVL': '2', 'LC_TERMINAL_VERSION': '3.3.7', 'SHLVL': '1', 'XDG_SESSION_ID': '32360', 'CONDA_PYTHON_EXE': '/root/miniconda3/bin/python', 'LD_LIBRARY_PATH': '/opt/ros/humble/opt/rviz_ogre_vendor/lib:/opt/ros/humble/lib/x86_64-linux-gnu:/opt/ros/humble/lib', 'XDG_RUNTIME_DIR': '/run/user/0', 'ROS_LOCALHOST_ONLY': '0', 'SSH_CLIENT': '172.16.67.112 62778 22', 'CONDA_DEFAULT_ENV': 'bottle_python_3_12', 'LC_TIME': 'C.UTF-8', 'XDG_DATA_DIRS': '/usr/local/share:/usr/share:/var/lib/snapd/desktop', 'PATH': '/opt/ros/humble/bin:/root/miniconda3/envs/bottle_python_3_12/bin:/root/miniconda3/condabin:/sbin:/usr/sbin:/usr/local/sbin:/usr/lpp/mmfs/bin:/usr/local/sbin:/usr/local/bin:/usr/sbin:/usr/bin:/sbin:/bin:/usr/games:/usr/local/games:/snap/bin', 'DBUS_SESSION_BUS_ADDRESS': 'unix:path=/run/user/0/bus', 'SSH_TTY': '/dev/pts/5', 'CONDA_PREFIX_1': '/root/miniconda3', 'ROS_DISTRO': 'humble', 'OLDPWD': '/root/bottle', '_': '/root/miniconda3/envs/bottle_python_3_12/bin/python', 'SERVER_NAME': 'localhost', 'GATEWAY_INTERFACE': 'CGI/1.1', 'SERVER_PORT': '8080', 'REMOTE_HOST': '', 'CONTENT_LENGTH': '', 'SCRIPT_NAME': '', 'SERVER_PROTOCOL': 'HTTP/1.1', 'SERVER_SOFTWARE': 'WSGIServer/0.2', 'REQUEST_METHOD': 'GET', 'PATH_INFO': '/hello', 'QUERY_STRING': 'name=Tim', 'REMOTE_ADDR': '127.0.0.1', 'CONTENT_TYPE': 'text/plain', 'HTTP_HOST': '127.0.0.1:8080', 'HTTP_USER_AGENT': 'curl/7.81.0', 'HTTP_ACCEPT': '*/*', 'wsgi.input': <_io.BufferedReader name=4>, 'wsgi.errors': <_io.TextIOWrapper name='<stderr>' mode='w' encoding='utf-8'>, 'wsgi.version': (1, 0), 'wsgi.run_once': False, 'wsgi.url_scheme': 'http', 'wsgi.multithread': False, 'wsgi.multiprocess': False, 'wsgi.file_wrapper': <class 'wsgiref.util.FileWrapper'>, 'bottle.raw_path': '/hello', 'bottle.app': <bottle.Bottle object at 0x7ff510a3f050>}
./bottle.py BaseRequest __setattr__ name: environ
./bottle.py BaseRequest __setattr__ value: {'SHELL': '/bin/bash', 'ROS_VERSION': '2', 'CONDA_EXE': '/root/miniconda3/bin/conda', 'ROS_PYTHON_VERSION': '3', 'OLLAMA_MODELS': '/home/zhanghao/edu/ollama/model', 'PWD': '/root/bottle/examples', 'LOGNAME': 'root', 'XDG_SESSION_TYPE': 'tty', 'CONDA_PREFIX': '/root/miniconda3/envs/bottle_python_3_12', 'MOTD_SHOWN': 'pam', 'HOME': '/root', 'LANG': 'C.UTF-8', 'LS_COLORS': 'rs=0:di=01;34:ln=01;36:mh=00:pi=40;33:so=01;35:do=01;35:bd=40;33;01:cd=40;33;01:or=40;31;01:mi=00:su=37;41:sg=30;43:ca=30;41:tw=30;42:ow=34;42:st=37;44:ex=01;32:*.tar=01;31:*.tgz=01;31:*.arc=01;31:*.arj=01;31:*.taz=01;31:*.lha=01;31:*.lz4=01;31:*.lzh=01;31:*.lzma=01;31:*.tlz=01;31:*.txz=01;31:*.tzo=01;31:*.t7z=01;31:*.zip=01;31:*.z=01;31:*.dz=01;31:*.gz=01;31:*.lrz=01;31:*.lz=01;31:*.lzo=01;31:*.xz=01;31:*.zst=01;31:*.tzst=01;31:*.bz2=01;31:*.bz=01;31:*.tbz=01;31:*.tbz2=01;31:*.tz=01;31:*.deb=01;31:*.rpm=01;31:*.jar=01;31:*.war=01;31:*.ear=01;31:*.sar=01;31:*.rar=01;31:*.alz=01;31:*.ace=01;31:*.zoo=01;31:*.cpio=01;31:*.7z=01;31:*.rz=01;31:*.cab=01;31:*.wim=01;31:*.swm=01;31:*.dwm=01;31:*.esd=01;31:*.jpg=01;35:*.jpeg=01;35:*.mjpg=01;35:*.mjpeg=01;35:*.gif=01;35:*.bmp=01;35:*.pbm=01;35:*.pgm=01;35:*.ppm=01;35:*.tga=01;35:*.xbm=01;35:*.xpm=01;35:*.tif=01;35:*.tiff=01;35:*.png=01;35:*.svg=01;35:*.svgz=01;35:*.mng=01;35:*.pcx=01;35:*.mov=01;35:*.mpg=01;35:*.mpeg=01;35:*.m2v=01;35:*.mkv=01;35:*.webm=01;35:*.webp=01;35:*.ogm=01;35:*.mp4=01;35:*.m4v=01;35:*.mp4v=01;35:*.vob=01;35:*.qt=01;35:*.nuv=01;35:*.wmv=01;35:*.asf=01;35:*.rm=01;35:*.rmvb=01;35:*.flc=01;35:*.avi=01;35:*.fli=01;35:*.flv=01;35:*.gl=01;35:*.dl=01;35:*.xcf=01;35:*.xwd=01;35:*.yuv=01;35:*.cgm=01;35:*.emf=01;35:*.ogv=01;35:*.ogx=01;35:*.aac=00;36:*.au=00;36:*.flac=00;36:*.m4a=00;36:*.mid=00;36:*.midi=00;36:*.mka=00;36:*.mp3=00;36:*.mpc=00;36:*.ogg=00;36:*.ra=00;36:*.wav=00;36:*.oga=00;36:*.opus=00;36:*.spx=00;36:*.xspf=00;36:', 'CONDA_PROMPT_MODIFIER': '(bottle_python_3_12) ', 'AMENT_PREFIX_PATH': '/opt/ros/humble', 'LC_TERMINAL': 'iTerm2', 'SSH_CONNECTION': '172.16.67.112 62778 192.168.100.59 22', 'LESSCLOSE': '/usr/bin/lesspipe %s %s', 'XDG_SESSION_CLASS': 'user', 'PYTHONPATH': '/opt/ros/humble/lib/python3.10/site-packages:/opt/ros/humble/local/lib/python3.10/dist-packages', 'TERM': 'xterm-256color', 'LESSOPEN': '| /usr/bin/lesspipe %s', 'USER': 'root', 'CONDA_SHLVL': '2', 'LC_TERMINAL_VERSION': '3.3.7', 'SHLVL': '1', 'XDG_SESSION_ID': '32360', 'CONDA_PYTHON_EXE': '/root/miniconda3/bin/python', 'LD_LIBRARY_PATH': '/opt/ros/humble/opt/rviz_ogre_vendor/lib:/opt/ros/humble/lib/x86_64-linux-gnu:/opt/ros/humble/lib', 'XDG_RUNTIME_DIR': '/run/user/0', 'ROS_LOCALHOST_ONLY': '0', 'SSH_CLIENT': '172.16.67.112 62778 22', 'CONDA_DEFAULT_ENV': 'bottle_python_3_12', 'LC_TIME': 'C.UTF-8', 'XDG_DATA_DIRS': '/usr/local/share:/usr/share:/var/lib/snapd/desktop', 'PATH': '/opt/ros/humble/bin:/root/miniconda3/envs/bottle_python_3_12/bin:/root/miniconda3/condabin:/sbin:/usr/sbin:/usr/local/sbin:/usr/lpp/mmfs/bin:/usr/local/sbin:/usr/local/bin:/usr/sbin:/usr/bin:/sbin:/bin:/usr/games:/usr/local/games:/snap/bin', 'DBUS_SESSION_BUS_ADDRESS': 'unix:path=/run/user/0/bus', 'SSH_TTY': '/dev/pts/5', 'CONDA_PREFIX_1': '/root/miniconda3', 'ROS_DISTRO': 'humble', 'OLDPWD': '/root/bottle', '_': '/root/miniconda3/envs/bottle_python_3_12/bin/python', 'SERVER_NAME': 'localhost', 'GATEWAY_INTERFACE': 'CGI/1.1', 'SERVER_PORT': '8080', 'REMOTE_HOST': '', 'CONTENT_LENGTH': '', 'SCRIPT_NAME': '', 'SERVER_PROTOCOL': 'HTTP/1.1', 'SERVER_SOFTWARE': 'WSGIServer/0.2', 'REQUEST_METHOD': 'GET', 'PATH_INFO': '/hello', 'QUERY_STRING': 'name=Tim', 'REMOTE_ADDR': '127.0.0.1', 'CONTENT_TYPE': 'text/plain', 'HTTP_HOST': '127.0.0.1:8080', 'HTTP_USER_AGENT': 'curl/7.81.0', 'HTTP_ACCEPT': '*/*', 'wsgi.input': <_io.BufferedReader name=4>, 'wsgi.errors': <_io.TextIOWrapper name='<stderr>' mode='w' encoding='utf-8'>, 'wsgi.version': (1, 0), 'wsgi.run_once': False, 'wsgi.url_scheme': 'http', 'wsgi.multithread': False, 'wsgi.multiprocess': False, 'wsgi.file_wrapper': <class 'wsgiref.util.FileWrapper'>, 'bottle.raw_path': '/hello', 'bottle.app': <bottle.Bottle object at 0x7ff510a3f050>}
./bottle.py _local_property fset value: {'SHELL': '/bin/bash', 'ROS_VERSION': '2', 'CONDA_EXE': '/root/miniconda3/bin/conda', 'ROS_PYTHON_VERSION': '3', 'OLLAMA_MODELS': '/home/zhanghao/edu/ollama/model', 'PWD': '/root/bottle/examples', 'LOGNAME': 'root', 'XDG_SESSION_TYPE': 'tty', 'CONDA_PREFIX': '/root/miniconda3/envs/bottle_python_3_12', 'MOTD_SHOWN': 'pam', 'HOME': '/root', 'LANG': 'C.UTF-8', 'LS_COLORS': 'rs=0:di=01;34:ln=01;36:mh=00:pi=40;33:so=01;35:do=01;35:bd=40;33;01:cd=40;33;01:or=40;31;01:mi=00:su=37;41:sg=30;43:ca=30;41:tw=30;42:ow=34;42:st=37;44:ex=01;32:*.tar=01;31:*.tgz=01;31:*.arc=01;31:*.arj=01;31:*.taz=01;31:*.lha=01;31:*.lz4=01;31:*.lzh=01;31:*.lzma=01;31:*.tlz=01;31:*.txz=01;31:*.tzo=01;31:*.t7z=01;31:*.zip=01;31:*.z=01;31:*.dz=01;31:*.gz=01;31:*.lrz=01;31:*.lz=01;31:*.lzo=01;31:*.xz=01;31:*.zst=01;31:*.tzst=01;31:*.bz2=01;31:*.bz=01;31:*.tbz=01;31:*.tbz2=01;31:*.tz=01;31:*.deb=01;31:*.rpm=01;31:*.jar=01;31:*.war=01;31:*.ear=01;31:*.sar=01;31:*.rar=01;31:*.alz=01;31:*.ace=01;31:*.zoo=01;31:*.cpio=01;31:*.7z=01;31:*.rz=01;31:*.cab=01;31:*.wim=01;31:*.swm=01;31:*.dwm=01;31:*.esd=01;31:*.jpg=01;35:*.jpeg=01;35:*.mjpg=01;35:*.mjpeg=01;35:*.gif=01;35:*.bmp=01;35:*.pbm=01;35:*.pgm=01;35:*.ppm=01;35:*.tga=01;35:*.xbm=01;35:*.xpm=01;35:*.tif=01;35:*.tiff=01;35:*.png=01;35:*.svg=01;35:*.svgz=01;35:*.mng=01;35:*.pcx=01;35:*.mov=01;35:*.mpg=01;35:*.mpeg=01;35:*.m2v=01;35:*.mkv=01;35:*.webm=01;35:*.webp=01;35:*.ogm=01;35:*.mp4=01;35:*.m4v=01;35:*.mp4v=01;35:*.vob=01;35:*.qt=01;35:*.nuv=01;35:*.wmv=01;35:*.asf=01;35:*.rm=01;35:*.rmvb=01;35:*.flc=01;35:*.avi=01;35:*.fli=01;35:*.flv=01;35:*.gl=01;35:*.dl=01;35:*.xcf=01;35:*.xwd=01;35:*.yuv=01;35:*.cgm=01;35:*.emf=01;35:*.ogv=01;35:*.ogx=01;35:*.aac=00;36:*.au=00;36:*.flac=00;36:*.m4a=00;36:*.mid=00;36:*.midi=00;36:*.mka=00;36:*.mp3=00;36:*.mpc=00;36:*.ogg=00;36:*.ra=00;36:*.wav=00;36:*.oga=00;36:*.opus=00;36:*.spx=00;36:*.xspf=00;36:', 'CONDA_PROMPT_MODIFIER': '(bottle_python_3_12) ', 'AMENT_PREFIX_PATH': '/opt/ros/humble', 'LC_TERMINAL': 'iTerm2', 'SSH_CONNECTION': '172.16.67.112 62778 192.168.100.59 22', 'LESSCLOSE': '/usr/bin/lesspipe %s %s', 'XDG_SESSION_CLASS': 'user', 'PYTHONPATH': '/opt/ros/humble/lib/python3.10/site-packages:/opt/ros/humble/local/lib/python3.10/dist-packages', 'TERM': 'xterm-256color', 'LESSOPEN': '| /usr/bin/lesspipe %s', 'USER': 'root', 'CONDA_SHLVL': '2', 'LC_TERMINAL_VERSION': '3.3.7', 'SHLVL': '1', 'XDG_SESSION_ID': '32360', 'CONDA_PYTHON_EXE': '/root/miniconda3/bin/python', 'LD_LIBRARY_PATH': '/opt/ros/humble/opt/rviz_ogre_vendor/lib:/opt/ros/humble/lib/x86_64-linux-gnu:/opt/ros/humble/lib', 'XDG_RUNTIME_DIR': '/run/user/0', 'ROS_LOCALHOST_ONLY': '0', 'SSH_CLIENT': '172.16.67.112 62778 22', 'CONDA_DEFAULT_ENV': 'bottle_python_3_12', 'LC_TIME': 'C.UTF-8', 'XDG_DATA_DIRS': '/usr/local/share:/usr/share:/var/lib/snapd/desktop', 'PATH': '/opt/ros/humble/bin:/root/miniconda3/envs/bottle_python_3_12/bin:/root/miniconda3/condabin:/sbin:/usr/sbin:/usr/local/sbin:/usr/lpp/mmfs/bin:/usr/local/sbin:/usr/local/bin:/usr/sbin:/usr/bin:/sbin:/bin:/usr/games:/usr/local/games:/snap/bin', 'DBUS_SESSION_BUS_ADDRESS': 'unix:path=/run/user/0/bus', 'SSH_TTY': '/dev/pts/5', 'CONDA_PREFIX_1': '/root/miniconda3', 'ROS_DISTRO': 'humble', 'OLDPWD': '/root/bottle', '_': '/root/miniconda3/envs/bottle_python_3_12/bin/python', 'SERVER_NAME': 'localhost', 'GATEWAY_INTERFACE': 'CGI/1.1', 'SERVER_PORT': '8080', 'REMOTE_HOST': '', 'CONTENT_LENGTH': '', 'SCRIPT_NAME': '', 'SERVER_PROTOCOL': 'HTTP/1.1', 'SERVER_SOFTWARE': 'WSGIServer/0.2', 'REQUEST_METHOD': 'GET', 'PATH_INFO': '/hello', 'QUERY_STRING': 'name=Tim', 'REMOTE_ADDR': '127.0.0.1', 'CONTENT_TYPE': 'text/plain', 'HTTP_HOST': '127.0.0.1:8080', 'HTTP_USER_AGENT': 'curl/7.81.0', 'HTTP_ACCEPT': '*/*', 'wsgi.input': <_io.BufferedReader name=4>, 'wsgi.errors': <_io.TextIOWrapper name='<stderr>' mode='w' encoding='utf-8'>, 'wsgi.version': (1, 0), 'wsgi.run_once': False, 'wsgi.url_scheme': 'http', 'wsgi.multithread': False, 'wsgi.multiprocess': False, 'wsgi.file_wrapper': <class 'wsgiref.util.FileWrapper'>, 'bottle.raw_path': '/hello', 'bottle.app': <bottle.Bottle object at 0x7ff510a3f050>}
./bottle.py BaseResponse __init__ body:
./bottle.py BaseResponse __init__ status: None
./bottle.py BaseResponse __init__ headers: None
./bottle.py BaseResponse __init__ more_headers: {}
./bottle.py _local_property fset value: None
./bottle.py _local_property fset value: {}
./bottle.py _local_property fset value:
./bottle.py BaseResponse _set_status status: 200
./bottle.py _local_property fset value: 200
./bottle.py _local_property fset value: 200 OK
./bottle.py Bottle trigger_hook __name: before_request
./bottle.py Bottle trigger_hook args: ()
./bottle.py Bottle trigger_hook kwargs: {}
./bottle.py Router match environ: {'SHELL': '/bin/bash', 'ROS_VERSION': '2', 'CONDA_EXE': '/root/miniconda3/bin/conda', 'ROS_PYTHON_VERSION': '3', 'OLLAMA_MODELS': '/home/zhanghao/edu/ollama/model', 'PWD': '/root/bottle/examples', 'LOGNAME': 'root', 'XDG_SESSION_TYPE': 'tty', 'CONDA_PREFIX': '/root/miniconda3/envs/bottle_python_3_12', 'MOTD_SHOWN': 'pam', 'HOME': '/root', 'LANG': 'C.UTF-8', 'LS_COLORS': 'rs=0:di=01;34:ln=01;36:mh=00:pi=40;33:so=01;35:do=01;35:bd=40;33;01:cd=40;33;01:or=40;31;01:mi=00:su=37;41:sg=30;43:ca=30;41:tw=30;42:ow=34;42:st=37;44:ex=01;32:*.tar=01;31:*.tgz=01;31:*.arc=01;31:*.arj=01;31:*.taz=01;31:*.lha=01;31:*.lz4=01;31:*.lzh=01;31:*.lzma=01;31:*.tlz=01;31:*.txz=01;31:*.tzo=01;31:*.t7z=01;31:*.zip=01;31:*.z=01;31:*.dz=01;31:*.gz=01;31:*.lrz=01;31:*.lz=01;31:*.lzo=01;31:*.xz=01;31:*.zst=01;31:*.tzst=01;31:*.bz2=01;31:*.bz=01;31:*.tbz=01;31:*.tbz2=01;31:*.tz=01;31:*.deb=01;31:*.rpm=01;31:*.jar=01;31:*.war=01;31:*.ear=01;31:*.sar=01;31:*.rar=01;31:*.alz=01;31:*.ace=01;31:*.zoo=01;31:*.cpio=01;31:*.7z=01;31:*.rz=01;31:*.cab=01;31:*.wim=01;31:*.swm=01;31:*.dwm=01;31:*.esd=01;31:*.jpg=01;35:*.jpeg=01;35:*.mjpg=01;35:*.mjpeg=01;35:*.gif=01;35:*.bmp=01;35:*.pbm=01;35:*.pgm=01;35:*.ppm=01;35:*.tga=01;35:*.xbm=01;35:*.xpm=01;35:*.tif=01;35:*.tiff=01;35:*.png=01;35:*.svg=01;35:*.svgz=01;35:*.mng=01;35:*.pcx=01;35:*.mov=01;35:*.mpg=01;35:*.mpeg=01;35:*.m2v=01;35:*.mkv=01;35:*.webm=01;35:*.webp=01;35:*.ogm=01;35:*.mp4=01;35:*.m4v=01;35:*.mp4v=01;35:*.vob=01;35:*.qt=01;35:*.nuv=01;35:*.wmv=01;35:*.asf=01;35:*.rm=01;35:*.rmvb=01;35:*.flc=01;35:*.avi=01;35:*.fli=01;35:*.flv=01;35:*.gl=01;35:*.dl=01;35:*.xcf=01;35:*.xwd=01;35:*.yuv=01;35:*.cgm=01;35:*.emf=01;35:*.ogv=01;35:*.ogx=01;35:*.aac=00;36:*.au=00;36:*.flac=00;36:*.m4a=00;36:*.mid=00;36:*.midi=00;36:*.mka=00;36:*.mp3=00;36:*.mpc=00;36:*.ogg=00;36:*.ra=00;36:*.wav=00;36:*.oga=00;36:*.opus=00;36:*.spx=00;36:*.xspf=00;36:', 'CONDA_PROMPT_MODIFIER': '(bottle_python_3_12) ', 'AMENT_PREFIX_PATH': '/opt/ros/humble', 'LC_TERMINAL': 'iTerm2', 'SSH_CONNECTION': '172.16.67.112 62778 192.168.100.59 22', 'LESSCLOSE': '/usr/bin/lesspipe %s %s', 'XDG_SESSION_CLASS': 'user', 'PYTHONPATH': '/opt/ros/humble/lib/python3.10/site-packages:/opt/ros/humble/local/lib/python3.10/dist-packages', 'TERM': 'xterm-256color', 'LESSOPEN': '| /usr/bin/lesspipe %s', 'USER': 'root', 'CONDA_SHLVL': '2', 'LC_TERMINAL_VERSION': '3.3.7', 'SHLVL': '1', 'XDG_SESSION_ID': '32360', 'CONDA_PYTHON_EXE': '/root/miniconda3/bin/python', 'LD_LIBRARY_PATH': '/opt/ros/humble/opt/rviz_ogre_vendor/lib:/opt/ros/humble/lib/x86_64-linux-gnu:/opt/ros/humble/lib', 'XDG_RUNTIME_DIR': '/run/user/0', 'ROS_LOCALHOST_ONLY': '0', 'SSH_CLIENT': '172.16.67.112 62778 22', 'CONDA_DEFAULT_ENV': 'bottle_python_3_12', 'LC_TIME': 'C.UTF-8', 'XDG_DATA_DIRS': '/usr/local/share:/usr/share:/var/lib/snapd/desktop', 'PATH': '/opt/ros/humble/bin:/root/miniconda3/envs/bottle_python_3_12/bin:/root/miniconda3/condabin:/sbin:/usr/sbin:/usr/local/sbin:/usr/lpp/mmfs/bin:/usr/local/sbin:/usr/local/bin:/usr/sbin:/usr/bin:/sbin:/bin:/usr/games:/usr/local/games:/snap/bin', 'DBUS_SESSION_BUS_ADDRESS': 'unix:path=/run/user/0/bus', 'SSH_TTY': '/dev/pts/5', 'CONDA_PREFIX_1': '/root/miniconda3', 'ROS_DISTRO': 'humble', 'OLDPWD': '/root/bottle', '_': '/root/miniconda3/envs/bottle_python_3_12/bin/python', 'SERVER_NAME': 'localhost', 'GATEWAY_INTERFACE': 'CGI/1.1', 'SERVER_PORT': '8080', 'REMOTE_HOST': '', 'CONTENT_LENGTH': '', 'SCRIPT_NAME': '', 'SERVER_PROTOCOL': 'HTTP/1.1', 'SERVER_SOFTWARE': 'WSGIServer/0.2', 'REQUEST_METHOD': 'GET', 'PATH_INFO': '/hello', 'QUERY_STRING': 'name=Tim', 'REMOTE_ADDR': '127.0.0.1', 'CONTENT_TYPE': 'text/plain', 'HTTP_HOST': '127.0.0.1:8080', 'HTTP_USER_AGENT': 'curl/7.81.0', 'HTTP_ACCEPT': '*/*', 'wsgi.input': <_io.BufferedReader name=4>, 'wsgi.errors': <_io.TextIOWrapper name='<stderr>' mode='w' encoding='utf-8'>, 'wsgi.version': (1, 0), 'wsgi.run_once': False, 'wsgi.url_scheme': 'http', 'wsgi.multithread': False, 'wsgi.multiprocess': False, 'wsgi.file_wrapper': <class 'wsgiref.util.FileWrapper'>, 'bottle.raw_path': '/hello', 'bottle.app': <bottle.Bottle object at 0x7ff510a3f050>, 'bottle.request': <LocalRequest: GET http://127.0.0.1:8080/hello?name=Tim>, 'bottle.request.urlparts': SplitResult(scheme='http', netloc='127.0.0.1:8080', path='/hello', query='name=Tim', fragment='')}
./bottle.py MultiDict __init__ a: ()
./bottle.py MultiDict __init__ k: {}
./bottle.py _parse_qsl qs: name=Tim
./bottle.py MultiDict __setitem__ key: name
./bottle.py MultiDict __setitem__ value: Tim
./bottle.py MultiDict append key: name
./bottle.py MultiDict append value: Tim
./bottle.py MultiDict __getitem__ key: name
./bottle.py Bottle trigger_hook __name: after_request
./bottle.py Bottle trigger_hook args: ()
./bottle.py Bottle trigger_hook kwargs: {}
./bottle.py Bottle _cast out: Hello Tim!
./bottle.py Bottle _cast peek: None
./bottle.py BaseResponse charset default: UTF-8
./bottle.py HeaderProperty __get__ obj: Content-Type: text/html; charset=UTF-8

./bottle.py BaseResponse get_header name: Content-Type
./bottle.py BaseResponse get_header default:
./bottle.py _hkey key: Content-Type
./bottle.py BaseResponse __contains__ name: Content-Length
./bottle.py _hkey key: Content-Length
./bottle.py BaseResponse __setitem__ name: Content-Length
./bottle.py BaseResponse __setitem__ value: 10
./bottle.py _hval value: 10
./bottle.py touni s: 10
./bottle.py touni enc: utf8
./bottle.py touni err: strict
./bottle.py _hkey key: Content-Length
127.0.0.1 - - [12/Dec/2025 15:57:59] "GET /hello?name=Tim HTTP/1.1" 200 10

----------------------------------------------------------------------------------------------------------------------------------------------------------------
./bottle.py Bottle __call__ environ: {'SHELL': '/bin/bash', 'ROS_VERSION': '2', 'CONDA_EXE': '/root/miniconda3/bin/conda', 'ROS_PYTHON_VERSION': '3', 'OLLAMA_MODELS': '/home/zhanghao/edu/ollama/model', 'PWD': '/root/bottle/examples', 'LOGNAME': 'root', 'XDG_SESSION_TYPE': 'tty', 'CONDA_PREFIX': '/root/miniconda3/envs/bottle_python_3_12', 'MOTD_SHOWN': 'pam', 'HOME': '/root', 'LANG': 'C.UTF-8', 'LS_COLORS': 'rs=0:di=01;34:ln=01;36:mh=00:pi=40;33:so=01;35:do=01;35:bd=40;33;01:cd=40;33;01:or=40;31;01:mi=00:su=37;41:sg=30;43:ca=30;41:tw=30;42:ow=34;42:st=37;44:ex=01;32:*.tar=01;31:*.tgz=01;31:*.arc=01;31:*.arj=01;31:*.taz=01;31:*.lha=01;31:*.lz4=01;31:*.lzh=01;31:*.lzma=01;31:*.tlz=01;31:*.txz=01;31:*.tzo=01;31:*.t7z=01;31:*.zip=01;31:*.z=01;31:*.dz=01;31:*.gz=01;31:*.lrz=01;31:*.lz=01;31:*.lzo=01;31:*.xz=01;31:*.zst=01;31:*.tzst=01;31:*.bz2=01;31:*.bz=01;31:*.tbz=01;31:*.tbz2=01;31:*.tz=01;31:*.deb=01;31:*.rpm=01;31:*.jar=01;31:*.war=01;31:*.ear=01;31:*.sar=01;31:*.rar=01;31:*.alz=01;31:*.ace=01;31:*.zoo=01;31:*.cpio=01;31:*.7z=01;31:*.rz=01;31:*.cab=01;31:*.wim=01;31:*.swm=01;31:*.dwm=01;31:*.esd=01;31:*.jpg=01;35:*.jpeg=01;35:*.mjpg=01;35:*.mjpeg=01;35:*.gif=01;35:*.bmp=01;35:*.pbm=01;35:*.pgm=01;35:*.ppm=01;35:*.tga=01;35:*.xbm=01;35:*.xpm=01;35:*.tif=01;35:*.tiff=01;35:*.png=01;35:*.svg=01;35:*.svgz=01;35:*.mng=01;35:*.pcx=01;35:*.mov=01;35:*.mpg=01;35:*.mpeg=01;35:*.m2v=01;35:*.mkv=01;35:*.webm=01;35:*.webp=01;35:*.ogm=01;35:*.mp4=01;35:*.m4v=01;35:*.mp4v=01;35:*.vob=01;35:*.qt=01;35:*.nuv=01;35:*.wmv=01;35:*.asf=01;35:*.rm=01;35:*.rmvb=01;35:*.flc=01;35:*.avi=01;35:*.fli=01;35:*.flv=01;35:*.gl=01;35:*.dl=01;35:*.xcf=01;35:*.xwd=01;35:*.yuv=01;35:*.cgm=01;35:*.emf=01;35:*.ogv=01;35:*.ogx=01;35:*.aac=00;36:*.au=00;36:*.flac=00;36:*.m4a=00;36:*.mid=00;36:*.midi=00;36:*.mka=00;36:*.mp3=00;36:*.mpc=00;36:*.ogg=00;36:*.ra=00;36:*.wav=00;36:*.oga=00;36:*.opus=00;36:*.spx=00;36:*.xspf=00;36:', 'CONDA_PROMPT_MODIFIER': '(bottle_python_3_12) ', 'AMENT_PREFIX_PATH': '/opt/ros/humble', 'LC_TERMINAL': 'iTerm2', 'SSH_CONNECTION': '172.16.67.112 62778 192.168.100.59 22', 'LESSCLOSE': '/usr/bin/lesspipe %s %s', 'XDG_SESSION_CLASS': 'user', 'PYTHONPATH': '/opt/ros/humble/lib/python3.10/site-packages:/opt/ros/humble/local/lib/python3.10/dist-packages', 'TERM': 'xterm-256color', 'LESSOPEN': '| /usr/bin/lesspipe %s', 'USER': 'root', 'CONDA_SHLVL': '2', 'LC_TERMINAL_VERSION': '3.3.7', 'SHLVL': '1', 'XDG_SESSION_ID': '32360', 'CONDA_PYTHON_EXE': '/root/miniconda3/bin/python', 'LD_LIBRARY_PATH': '/opt/ros/humble/opt/rviz_ogre_vendor/lib:/opt/ros/humble/lib/x86_64-linux-gnu:/opt/ros/humble/lib', 'XDG_RUNTIME_DIR': '/run/user/0', 'ROS_LOCALHOST_ONLY': '0', 'SSH_CLIENT': '172.16.67.112 62778 22', 'CONDA_DEFAULT_ENV': 'bottle_python_3_12', 'LC_TIME': 'C.UTF-8', 'XDG_DATA_DIRS': '/usr/local/share:/usr/share:/var/lib/snapd/desktop', 'PATH': '/opt/ros/humble/bin:/root/miniconda3/envs/bottle_python_3_12/bin:/root/miniconda3/condabin:/sbin:/usr/sbin:/usr/local/sbin:/usr/lpp/mmfs/bin:/usr/local/sbin:/usr/local/bin:/usr/sbin:/usr/bin:/sbin:/bin:/usr/games:/usr/local/games:/snap/bin', 'DBUS_SESSION_BUS_ADDRESS': 'unix:path=/run/user/0/bus', 'SSH_TTY': '/dev/pts/5', 'CONDA_PREFIX_1': '/root/miniconda3', 'ROS_DISTRO': 'humble', 'OLDPWD': '/root/bottle', '_': '/root/miniconda3/envs/bottle_python_3_12/bin/python', 'SERVER_NAME': 'localhost', 'GATEWAY_INTERFACE': 'CGI/1.1', 'SERVER_PORT': '8080', 'REMOTE_HOST': '', 'CONTENT_LENGTH': '8', 'SCRIPT_NAME': '', 'SERVER_PROTOCOL': 'HTTP/1.1', 'SERVER_SOFTWARE': 'WSGIServer/0.2', 'REQUEST_METHOD': 'POST', 'PATH_INFO': '/hello_post', 'QUERY_STRING': '', 'REMOTE_ADDR': '127.0.0.1', 'CONTENT_TYPE': 'application/x-www-form-urlencoded', 'HTTP_HOST': '127.0.0.1:8080', 'HTTP_USER_AGENT': 'curl/7.81.0', 'HTTP_ACCEPT': '*/*', 'wsgi.input': <_io.BufferedReader name=4>, 'wsgi.errors': <_io.TextIOWrapper name='<stderr>' mode='w' encoding='utf-8'>, 'wsgi.version': (1, 0), 'wsgi.run_once': False, 'wsgi.url_scheme': 'http', 'wsgi.multithread': False, 'wsgi.multiprocess': False, 'wsgi.file_wrapper': <class 'wsgiref.util.FileWrapper'>}
./bottle.py Bottle __call__ start_response: <bound method BaseHandler.start_response of <wsgiref.simple_server.ServerHandler object at 0x7ff50fd24740>>
./bottle.py Bottle wsgi environ: {'SHELL': '/bin/bash', 'ROS_VERSION': '2', 'CONDA_EXE': '/root/miniconda3/bin/conda', 'ROS_PYTHON_VERSION': '3', 'OLLAMA_MODELS': '/home/zhanghao/edu/ollama/model', 'PWD': '/root/bottle/examples', 'LOGNAME': 'root', 'XDG_SESSION_TYPE': 'tty', 'CONDA_PREFIX': '/root/miniconda3/envs/bottle_python_3_12', 'MOTD_SHOWN': 'pam', 'HOME': '/root', 'LANG': 'C.UTF-8', 'LS_COLORS': 'rs=0:di=01;34:ln=01;36:mh=00:pi=40;33:so=01;35:do=01;35:bd=40;33;01:cd=40;33;01:or=40;31;01:mi=00:su=37;41:sg=30;43:ca=30;41:tw=30;42:ow=34;42:st=37;44:ex=01;32:*.tar=01;31:*.tgz=01;31:*.arc=01;31:*.arj=01;31:*.taz=01;31:*.lha=01;31:*.lz4=01;31:*.lzh=01;31:*.lzma=01;31:*.tlz=01;31:*.txz=01;31:*.tzo=01;31:*.t7z=01;31:*.zip=01;31:*.z=01;31:*.dz=01;31:*.gz=01;31:*.lrz=01;31:*.lz=01;31:*.lzo=01;31:*.xz=01;31:*.zst=01;31:*.tzst=01;31:*.bz2=01;31:*.bz=01;31:*.tbz=01;31:*.tbz2=01;31:*.tz=01;31:*.deb=01;31:*.rpm=01;31:*.jar=01;31:*.war=01;31:*.ear=01;31:*.sar=01;31:*.rar=01;31:*.alz=01;31:*.ace=01;31:*.zoo=01;31:*.cpio=01;31:*.7z=01;31:*.rz=01;31:*.cab=01;31:*.wim=01;31:*.swm=01;31:*.dwm=01;31:*.esd=01;31:*.jpg=01;35:*.jpeg=01;35:*.mjpg=01;35:*.mjpeg=01;35:*.gif=01;35:*.bmp=01;35:*.pbm=01;35:*.pgm=01;35:*.ppm=01;35:*.tga=01;35:*.xbm=01;35:*.xpm=01;35:*.tif=01;35:*.tiff=01;35:*.png=01;35:*.svg=01;35:*.svgz=01;35:*.mng=01;35:*.pcx=01;35:*.mov=01;35:*.mpg=01;35:*.mpeg=01;35:*.m2v=01;35:*.mkv=01;35:*.webm=01;35:*.webp=01;35:*.ogm=01;35:*.mp4=01;35:*.m4v=01;35:*.mp4v=01;35:*.vob=01;35:*.qt=01;35:*.nuv=01;35:*.wmv=01;35:*.asf=01;35:*.rm=01;35:*.rmvb=01;35:*.flc=01;35:*.avi=01;35:*.fli=01;35:*.flv=01;35:*.gl=01;35:*.dl=01;35:*.xcf=01;35:*.xwd=01;35:*.yuv=01;35:*.cgm=01;35:*.emf=01;35:*.ogv=01;35:*.ogx=01;35:*.aac=00;36:*.au=00;36:*.flac=00;36:*.m4a=00;36:*.mid=00;36:*.midi=00;36:*.mka=00;36:*.mp3=00;36:*.mpc=00;36:*.ogg=00;36:*.ra=00;36:*.wav=00;36:*.oga=00;36:*.opus=00;36:*.spx=00;36:*.xspf=00;36:', 'CONDA_PROMPT_MODIFIER': '(bottle_python_3_12) ', 'AMENT_PREFIX_PATH': '/opt/ros/humble', 'LC_TERMINAL': 'iTerm2', 'SSH_CONNECTION': '172.16.67.112 62778 192.168.100.59 22', 'LESSCLOSE': '/usr/bin/lesspipe %s %s', 'XDG_SESSION_CLASS': 'user', 'PYTHONPATH': '/opt/ros/humble/lib/python3.10/site-packages:/opt/ros/humble/local/lib/python3.10/dist-packages', 'TERM': 'xterm-256color', 'LESSOPEN': '| /usr/bin/lesspipe %s', 'USER': 'root', 'CONDA_SHLVL': '2', 'LC_TERMINAL_VERSION': '3.3.7', 'SHLVL': '1', 'XDG_SESSION_ID': '32360', 'CONDA_PYTHON_EXE': '/root/miniconda3/bin/python', 'LD_LIBRARY_PATH': '/opt/ros/humble/opt/rviz_ogre_vendor/lib:/opt/ros/humble/lib/x86_64-linux-gnu:/opt/ros/humble/lib', 'XDG_RUNTIME_DIR': '/run/user/0', 'ROS_LOCALHOST_ONLY': '0', 'SSH_CLIENT': '172.16.67.112 62778 22', 'CONDA_DEFAULT_ENV': 'bottle_python_3_12', 'LC_TIME': 'C.UTF-8', 'XDG_DATA_DIRS': '/usr/local/share:/usr/share:/var/lib/snapd/desktop', 'PATH': '/opt/ros/humble/bin:/root/miniconda3/envs/bottle_python_3_12/bin:/root/miniconda3/condabin:/sbin:/usr/sbin:/usr/local/sbin:/usr/lpp/mmfs/bin:/usr/local/sbin:/usr/local/bin:/usr/sbin:/usr/bin:/sbin:/bin:/usr/games:/usr/local/games:/snap/bin', 'DBUS_SESSION_BUS_ADDRESS': 'unix:path=/run/user/0/bus', 'SSH_TTY': '/dev/pts/5', 'CONDA_PREFIX_1': '/root/miniconda3', 'ROS_DISTRO': 'humble', 'OLDPWD': '/root/bottle', '_': '/root/miniconda3/envs/bottle_python_3_12/bin/python', 'SERVER_NAME': 'localhost', 'GATEWAY_INTERFACE': 'CGI/1.1', 'SERVER_PORT': '8080', 'REMOTE_HOST': '', 'CONTENT_LENGTH': '8', 'SCRIPT_NAME': '', 'SERVER_PROTOCOL': 'HTTP/1.1', 'SERVER_SOFTWARE': 'WSGIServer/0.2', 'REQUEST_METHOD': 'POST', 'PATH_INFO': '/hello_post', 'QUERY_STRING': '', 'REMOTE_ADDR': '127.0.0.1', 'CONTENT_TYPE': 'application/x-www-form-urlencoded', 'HTTP_HOST': '127.0.0.1:8080', 'HTTP_USER_AGENT': 'curl/7.81.0', 'HTTP_ACCEPT': '*/*', 'wsgi.input': <_io.BufferedReader name=4>, 'wsgi.errors': <_io.TextIOWrapper name='<stderr>' mode='w' encoding='utf-8'>, 'wsgi.version': (1, 0), 'wsgi.run_once': False, 'wsgi.url_scheme': 'http', 'wsgi.multithread': False, 'wsgi.multiprocess': False, 'wsgi.file_wrapper': <class 'wsgiref.util.FileWrapper'>}
./bottle.py Bottle wsgi start_response: <bound method BaseHandler.start_response of <wsgiref.simple_server.ServerHandler object at 0x7ff50fd24740>>
./bottle.py Bottle _handle environ: {'SHELL': '/bin/bash', 'ROS_VERSION': '2', 'CONDA_EXE': '/root/miniconda3/bin/conda', 'ROS_PYTHON_VERSION': '3', 'OLLAMA_MODELS': '/home/zhanghao/edu/ollama/model', 'PWD': '/root/bottle/examples', 'LOGNAME': 'root', 'XDG_SESSION_TYPE': 'tty', 'CONDA_PREFIX': '/root/miniconda3/envs/bottle_python_3_12', 'MOTD_SHOWN': 'pam', 'HOME': '/root', 'LANG': 'C.UTF-8', 'LS_COLORS': 'rs=0:di=01;34:ln=01;36:mh=00:pi=40;33:so=01;35:do=01;35:bd=40;33;01:cd=40;33;01:or=40;31;01:mi=00:su=37;41:sg=30;43:ca=30;41:tw=30;42:ow=34;42:st=37;44:ex=01;32:*.tar=01;31:*.tgz=01;31:*.arc=01;31:*.arj=01;31:*.taz=01;31:*.lha=01;31:*.lz4=01;31:*.lzh=01;31:*.lzma=01;31:*.tlz=01;31:*.txz=01;31:*.tzo=01;31:*.t7z=01;31:*.zip=01;31:*.z=01;31:*.dz=01;31:*.gz=01;31:*.lrz=01;31:*.lz=01;31:*.lzo=01;31:*.xz=01;31:*.zst=01;31:*.tzst=01;31:*.bz2=01;31:*.bz=01;31:*.tbz=01;31:*.tbz2=01;31:*.tz=01;31:*.deb=01;31:*.rpm=01;31:*.jar=01;31:*.war=01;31:*.ear=01;31:*.sar=01;31:*.rar=01;31:*.alz=01;31:*.ace=01;31:*.zoo=01;31:*.cpio=01;31:*.7z=01;31:*.rz=01;31:*.cab=01;31:*.wim=01;31:*.swm=01;31:*.dwm=01;31:*.esd=01;31:*.jpg=01;35:*.jpeg=01;35:*.mjpg=01;35:*.mjpeg=01;35:*.gif=01;35:*.bmp=01;35:*.pbm=01;35:*.pgm=01;35:*.ppm=01;35:*.tga=01;35:*.xbm=01;35:*.xpm=01;35:*.tif=01;35:*.tiff=01;35:*.png=01;35:*.svg=01;35:*.svgz=01;35:*.mng=01;35:*.pcx=01;35:*.mov=01;35:*.mpg=01;35:*.mpeg=01;35:*.m2v=01;35:*.mkv=01;35:*.webm=01;35:*.webp=01;35:*.ogm=01;35:*.mp4=01;35:*.m4v=01;35:*.mp4v=01;35:*.vob=01;35:*.qt=01;35:*.nuv=01;35:*.wmv=01;35:*.asf=01;35:*.rm=01;35:*.rmvb=01;35:*.flc=01;35:*.avi=01;35:*.fli=01;35:*.flv=01;35:*.gl=01;35:*.dl=01;35:*.xcf=01;35:*.xwd=01;35:*.yuv=01;35:*.cgm=01;35:*.emf=01;35:*.ogv=01;35:*.ogx=01;35:*.aac=00;36:*.au=00;36:*.flac=00;36:*.m4a=00;36:*.mid=00;36:*.midi=00;36:*.mka=00;36:*.mp3=00;36:*.mpc=00;36:*.ogg=00;36:*.ra=00;36:*.wav=00;36:*.oga=00;36:*.opus=00;36:*.spx=00;36:*.xspf=00;36:', 'CONDA_PROMPT_MODIFIER': '(bottle_python_3_12) ', 'AMENT_PREFIX_PATH': '/opt/ros/humble', 'LC_TERMINAL': 'iTerm2', 'SSH_CONNECTION': '172.16.67.112 62778 192.168.100.59 22', 'LESSCLOSE': '/usr/bin/lesspipe %s %s', 'XDG_SESSION_CLASS': 'user', 'PYTHONPATH': '/opt/ros/humble/lib/python3.10/site-packages:/opt/ros/humble/local/lib/python3.10/dist-packages', 'TERM': 'xterm-256color', 'LESSOPEN': '| /usr/bin/lesspipe %s', 'USER': 'root', 'CONDA_SHLVL': '2', 'LC_TERMINAL_VERSION': '3.3.7', 'SHLVL': '1', 'XDG_SESSION_ID': '32360', 'CONDA_PYTHON_EXE': '/root/miniconda3/bin/python', 'LD_LIBRARY_PATH': '/opt/ros/humble/opt/rviz_ogre_vendor/lib:/opt/ros/humble/lib/x86_64-linux-gnu:/opt/ros/humble/lib', 'XDG_RUNTIME_DIR': '/run/user/0', 'ROS_LOCALHOST_ONLY': '0', 'SSH_CLIENT': '172.16.67.112 62778 22', 'CONDA_DEFAULT_ENV': 'bottle_python_3_12', 'LC_TIME': 'C.UTF-8', 'XDG_DATA_DIRS': '/usr/local/share:/usr/share:/var/lib/snapd/desktop', 'PATH': '/opt/ros/humble/bin:/root/miniconda3/envs/bottle_python_3_12/bin:/root/miniconda3/condabin:/sbin:/usr/sbin:/usr/local/sbin:/usr/lpp/mmfs/bin:/usr/local/sbin:/usr/local/bin:/usr/sbin:/usr/bin:/sbin:/bin:/usr/games:/usr/local/games:/snap/bin', 'DBUS_SESSION_BUS_ADDRESS': 'unix:path=/run/user/0/bus', 'SSH_TTY': '/dev/pts/5', 'CONDA_PREFIX_1': '/root/miniconda3', 'ROS_DISTRO': 'humble', 'OLDPWD': '/root/bottle', '_': '/root/miniconda3/envs/bottle_python_3_12/bin/python', 'SERVER_NAME': 'localhost', 'GATEWAY_INTERFACE': 'CGI/1.1', 'SERVER_PORT': '8080', 'REMOTE_HOST': '', 'CONTENT_LENGTH': '8', 'SCRIPT_NAME': '', 'SERVER_PROTOCOL': 'HTTP/1.1', 'SERVER_SOFTWARE': 'WSGIServer/0.2', 'REQUEST_METHOD': 'POST', 'PATH_INFO': '/hello_post', 'QUERY_STRING': '', 'REMOTE_ADDR': '127.0.0.1', 'CONTENT_TYPE': 'application/x-www-form-urlencoded', 'HTTP_HOST': '127.0.0.1:8080', 'HTTP_USER_AGENT': 'curl/7.81.0', 'HTTP_ACCEPT': '*/*', 'wsgi.input': <_io.BufferedReader name=4>, 'wsgi.errors': <_io.TextIOWrapper name='<stderr>' mode='w' encoding='utf-8'>, 'wsgi.version': (1, 0), 'wsgi.run_once': False, 'wsgi.url_scheme': 'http', 'wsgi.multithread': False, 'wsgi.multiprocess': False, 'wsgi.file_wrapper': <class 'wsgiref.util.FileWrapper'>}
./bottle.py BaseRequest __init__ environ: {'SHELL': '/bin/bash', 'ROS_VERSION': '2', 'CONDA_EXE': '/root/miniconda3/bin/conda', 'ROS_PYTHON_VERSION': '3', 'OLLAMA_MODELS': '/home/zhanghao/edu/ollama/model', 'PWD': '/root/bottle/examples', 'LOGNAME': 'root', 'XDG_SESSION_TYPE': 'tty', 'CONDA_PREFIX': '/root/miniconda3/envs/bottle_python_3_12', 'MOTD_SHOWN': 'pam', 'HOME': '/root', 'LANG': 'C.UTF-8', 'LS_COLORS': 'rs=0:di=01;34:ln=01;36:mh=00:pi=40;33:so=01;35:do=01;35:bd=40;33;01:cd=40;33;01:or=40;31;01:mi=00:su=37;41:sg=30;43:ca=30;41:tw=30;42:ow=34;42:st=37;44:ex=01;32:*.tar=01;31:*.tgz=01;31:*.arc=01;31:*.arj=01;31:*.taz=01;31:*.lha=01;31:*.lz4=01;31:*.lzh=01;31:*.lzma=01;31:*.tlz=01;31:*.txz=01;31:*.tzo=01;31:*.t7z=01;31:*.zip=01;31:*.z=01;31:*.dz=01;31:*.gz=01;31:*.lrz=01;31:*.lz=01;31:*.lzo=01;31:*.xz=01;31:*.zst=01;31:*.tzst=01;31:*.bz2=01;31:*.bz=01;31:*.tbz=01;31:*.tbz2=01;31:*.tz=01;31:*.deb=01;31:*.rpm=01;31:*.jar=01;31:*.war=01;31:*.ear=01;31:*.sar=01;31:*.rar=01;31:*.alz=01;31:*.ace=01;31:*.zoo=01;31:*.cpio=01;31:*.7z=01;31:*.rz=01;31:*.cab=01;31:*.wim=01;31:*.swm=01;31:*.dwm=01;31:*.esd=01;31:*.jpg=01;35:*.jpeg=01;35:*.mjpg=01;35:*.mjpeg=01;35:*.gif=01;35:*.bmp=01;35:*.pbm=01;35:*.pgm=01;35:*.ppm=01;35:*.tga=01;35:*.xbm=01;35:*.xpm=01;35:*.tif=01;35:*.tiff=01;35:*.png=01;35:*.svg=01;35:*.svgz=01;35:*.mng=01;35:*.pcx=01;35:*.mov=01;35:*.mpg=01;35:*.mpeg=01;35:*.m2v=01;35:*.mkv=01;35:*.webm=01;35:*.webp=01;35:*.ogm=01;35:*.mp4=01;35:*.m4v=01;35:*.mp4v=01;35:*.vob=01;35:*.qt=01;35:*.nuv=01;35:*.wmv=01;35:*.asf=01;35:*.rm=01;35:*.rmvb=01;35:*.flc=01;35:*.avi=01;35:*.fli=01;35:*.flv=01;35:*.gl=01;35:*.dl=01;35:*.xcf=01;35:*.xwd=01;35:*.yuv=01;35:*.cgm=01;35:*.emf=01;35:*.ogv=01;35:*.ogx=01;35:*.aac=00;36:*.au=00;36:*.flac=00;36:*.m4a=00;36:*.mid=00;36:*.midi=00;36:*.mka=00;36:*.mp3=00;36:*.mpc=00;36:*.ogg=00;36:*.ra=00;36:*.wav=00;36:*.oga=00;36:*.opus=00;36:*.spx=00;36:*.xspf=00;36:', 'CONDA_PROMPT_MODIFIER': '(bottle_python_3_12) ', 'AMENT_PREFIX_PATH': '/opt/ros/humble', 'LC_TERMINAL': 'iTerm2', 'SSH_CONNECTION': '172.16.67.112 62778 192.168.100.59 22', 'LESSCLOSE': '/usr/bin/lesspipe %s %s', 'XDG_SESSION_CLASS': 'user', 'PYTHONPATH': '/opt/ros/humble/lib/python3.10/site-packages:/opt/ros/humble/local/lib/python3.10/dist-packages', 'TERM': 'xterm-256color', 'LESSOPEN': '| /usr/bin/lesspipe %s', 'USER': 'root', 'CONDA_SHLVL': '2', 'LC_TERMINAL_VERSION': '3.3.7', 'SHLVL': '1', 'XDG_SESSION_ID': '32360', 'CONDA_PYTHON_EXE': '/root/miniconda3/bin/python', 'LD_LIBRARY_PATH': '/opt/ros/humble/opt/rviz_ogre_vendor/lib:/opt/ros/humble/lib/x86_64-linux-gnu:/opt/ros/humble/lib', 'XDG_RUNTIME_DIR': '/run/user/0', 'ROS_LOCALHOST_ONLY': '0', 'SSH_CLIENT': '172.16.67.112 62778 22', 'CONDA_DEFAULT_ENV': 'bottle_python_3_12', 'LC_TIME': 'C.UTF-8', 'XDG_DATA_DIRS': '/usr/local/share:/usr/share:/var/lib/snapd/desktop', 'PATH': '/opt/ros/humble/bin:/root/miniconda3/envs/bottle_python_3_12/bin:/root/miniconda3/condabin:/sbin:/usr/sbin:/usr/local/sbin:/usr/lpp/mmfs/bin:/usr/local/sbin:/usr/local/bin:/usr/sbin:/usr/bin:/sbin:/bin:/usr/games:/usr/local/games:/snap/bin', 'DBUS_SESSION_BUS_ADDRESS': 'unix:path=/run/user/0/bus', 'SSH_TTY': '/dev/pts/5', 'CONDA_PREFIX_1': '/root/miniconda3', 'ROS_DISTRO': 'humble', 'OLDPWD': '/root/bottle', '_': '/root/miniconda3/envs/bottle_python_3_12/bin/python', 'SERVER_NAME': 'localhost', 'GATEWAY_INTERFACE': 'CGI/1.1', 'SERVER_PORT': '8080', 'REMOTE_HOST': '', 'CONTENT_LENGTH': '8', 'SCRIPT_NAME': '', 'SERVER_PROTOCOL': 'HTTP/1.1', 'SERVER_SOFTWARE': 'WSGIServer/0.2', 'REQUEST_METHOD': 'POST', 'PATH_INFO': '/hello_post', 'QUERY_STRING': '', 'REMOTE_ADDR': '127.0.0.1', 'CONTENT_TYPE': 'application/x-www-form-urlencoded', 'HTTP_HOST': '127.0.0.1:8080', 'HTTP_USER_AGENT': 'curl/7.81.0', 'HTTP_ACCEPT': '*/*', 'wsgi.input': <_io.BufferedReader name=4>, 'wsgi.errors': <_io.TextIOWrapper name='<stderr>' mode='w' encoding='utf-8'>, 'wsgi.version': (1, 0), 'wsgi.run_once': False, 'wsgi.url_scheme': 'http', 'wsgi.multithread': False, 'wsgi.multiprocess': False, 'wsgi.file_wrapper': <class 'wsgiref.util.FileWrapper'>, 'bottle.raw_path': '/hello_post', 'bottle.app': <bottle.Bottle object at 0x7ff510a3f050>}
./bottle.py BaseRequest __setattr__ name: environ
./bottle.py BaseRequest __setattr__ value: {'SHELL': '/bin/bash', 'ROS_VERSION': '2', 'CONDA_EXE': '/root/miniconda3/bin/conda', 'ROS_PYTHON_VERSION': '3', 'OLLAMA_MODELS': '/home/zhanghao/edu/ollama/model', 'PWD': '/root/bottle/examples', 'LOGNAME': 'root', 'XDG_SESSION_TYPE': 'tty', 'CONDA_PREFIX': '/root/miniconda3/envs/bottle_python_3_12', 'MOTD_SHOWN': 'pam', 'HOME': '/root', 'LANG': 'C.UTF-8', 'LS_COLORS': 'rs=0:di=01;34:ln=01;36:mh=00:pi=40;33:so=01;35:do=01;35:bd=40;33;01:cd=40;33;01:or=40;31;01:mi=00:su=37;41:sg=30;43:ca=30;41:tw=30;42:ow=34;42:st=37;44:ex=01;32:*.tar=01;31:*.tgz=01;31:*.arc=01;31:*.arj=01;31:*.taz=01;31:*.lha=01;31:*.lz4=01;31:*.lzh=01;31:*.lzma=01;31:*.tlz=01;31:*.txz=01;31:*.tzo=01;31:*.t7z=01;31:*.zip=01;31:*.z=01;31:*.dz=01;31:*.gz=01;31:*.lrz=01;31:*.lz=01;31:*.lzo=01;31:*.xz=01;31:*.zst=01;31:*.tzst=01;31:*.bz2=01;31:*.bz=01;31:*.tbz=01;31:*.tbz2=01;31:*.tz=01;31:*.deb=01;31:*.rpm=01;31:*.jar=01;31:*.war=01;31:*.ear=01;31:*.sar=01;31:*.rar=01;31:*.alz=01;31:*.ace=01;31:*.zoo=01;31:*.cpio=01;31:*.7z=01;31:*.rz=01;31:*.cab=01;31:*.wim=01;31:*.swm=01;31:*.dwm=01;31:*.esd=01;31:*.jpg=01;35:*.jpeg=01;35:*.mjpg=01;35:*.mjpeg=01;35:*.gif=01;35:*.bmp=01;35:*.pbm=01;35:*.pgm=01;35:*.ppm=01;35:*.tga=01;35:*.xbm=01;35:*.xpm=01;35:*.tif=01;35:*.tiff=01;35:*.png=01;35:*.svg=01;35:*.svgz=01;35:*.mng=01;35:*.pcx=01;35:*.mov=01;35:*.mpg=01;35:*.mpeg=01;35:*.m2v=01;35:*.mkv=01;35:*.webm=01;35:*.webp=01;35:*.ogm=01;35:*.mp4=01;35:*.m4v=01;35:*.mp4v=01;35:*.vob=01;35:*.qt=01;35:*.nuv=01;35:*.wmv=01;35:*.asf=01;35:*.rm=01;35:*.rmvb=01;35:*.flc=01;35:*.avi=01;35:*.fli=01;35:*.flv=01;35:*.gl=01;35:*.dl=01;35:*.xcf=01;35:*.xwd=01;35:*.yuv=01;35:*.cgm=01;35:*.emf=01;35:*.ogv=01;35:*.ogx=01;35:*.aac=00;36:*.au=00;36:*.flac=00;36:*.m4a=00;36:*.mid=00;36:*.midi=00;36:*.mka=00;36:*.mp3=00;36:*.mpc=00;36:*.ogg=00;36:*.ra=00;36:*.wav=00;36:*.oga=00;36:*.opus=00;36:*.spx=00;36:*.xspf=00;36:', 'CONDA_PROMPT_MODIFIER': '(bottle_python_3_12) ', 'AMENT_PREFIX_PATH': '/opt/ros/humble', 'LC_TERMINAL': 'iTerm2', 'SSH_CONNECTION': '172.16.67.112 62778 192.168.100.59 22', 'LESSCLOSE': '/usr/bin/lesspipe %s %s', 'XDG_SESSION_CLASS': 'user', 'PYTHONPATH': '/opt/ros/humble/lib/python3.10/site-packages:/opt/ros/humble/local/lib/python3.10/dist-packages', 'TERM': 'xterm-256color', 'LESSOPEN': '| /usr/bin/lesspipe %s', 'USER': 'root', 'CONDA_SHLVL': '2', 'LC_TERMINAL_VERSION': '3.3.7', 'SHLVL': '1', 'XDG_SESSION_ID': '32360', 'CONDA_PYTHON_EXE': '/root/miniconda3/bin/python', 'LD_LIBRARY_PATH': '/opt/ros/humble/opt/rviz_ogre_vendor/lib:/opt/ros/humble/lib/x86_64-linux-gnu:/opt/ros/humble/lib', 'XDG_RUNTIME_DIR': '/run/user/0', 'ROS_LOCALHOST_ONLY': '0', 'SSH_CLIENT': '172.16.67.112 62778 22', 'CONDA_DEFAULT_ENV': 'bottle_python_3_12', 'LC_TIME': 'C.UTF-8', 'XDG_DATA_DIRS': '/usr/local/share:/usr/share:/var/lib/snapd/desktop', 'PATH': '/opt/ros/humble/bin:/root/miniconda3/envs/bottle_python_3_12/bin:/root/miniconda3/condabin:/sbin:/usr/sbin:/usr/local/sbin:/usr/lpp/mmfs/bin:/usr/local/sbin:/usr/local/bin:/usr/sbin:/usr/bin:/sbin:/bin:/usr/games:/usr/local/games:/snap/bin', 'DBUS_SESSION_BUS_ADDRESS': 'unix:path=/run/user/0/bus', 'SSH_TTY': '/dev/pts/5', 'CONDA_PREFIX_1': '/root/miniconda3', 'ROS_DISTRO': 'humble', 'OLDPWD': '/root/bottle', '_': '/root/miniconda3/envs/bottle_python_3_12/bin/python', 'SERVER_NAME': 'localhost', 'GATEWAY_INTERFACE': 'CGI/1.1', 'SERVER_PORT': '8080', 'REMOTE_HOST': '', 'CONTENT_LENGTH': '8', 'SCRIPT_NAME': '', 'SERVER_PROTOCOL': 'HTTP/1.1', 'SERVER_SOFTWARE': 'WSGIServer/0.2', 'REQUEST_METHOD': 'POST', 'PATH_INFO': '/hello_post', 'QUERY_STRING': '', 'REMOTE_ADDR': '127.0.0.1', 'CONTENT_TYPE': 'application/x-www-form-urlencoded', 'HTTP_HOST': '127.0.0.1:8080', 'HTTP_USER_AGENT': 'curl/7.81.0', 'HTTP_ACCEPT': '*/*', 'wsgi.input': <_io.BufferedReader name=4>, 'wsgi.errors': <_io.TextIOWrapper name='<stderr>' mode='w' encoding='utf-8'>, 'wsgi.version': (1, 0), 'wsgi.run_once': False, 'wsgi.url_scheme': 'http', 'wsgi.multithread': False, 'wsgi.multiprocess': False, 'wsgi.file_wrapper': <class 'wsgiref.util.FileWrapper'>, 'bottle.raw_path': '/hello_post', 'bottle.app': <bottle.Bottle object at 0x7ff510a3f050>}
./bottle.py _local_property fset value: {'SHELL': '/bin/bash', 'ROS_VERSION': '2', 'CONDA_EXE': '/root/miniconda3/bin/conda', 'ROS_PYTHON_VERSION': '3', 'OLLAMA_MODELS': '/home/zhanghao/edu/ollama/model', 'PWD': '/root/bottle/examples', 'LOGNAME': 'root', 'XDG_SESSION_TYPE': 'tty', 'CONDA_PREFIX': '/root/miniconda3/envs/bottle_python_3_12', 'MOTD_SHOWN': 'pam', 'HOME': '/root', 'LANG': 'C.UTF-8', 'LS_COLORS': 'rs=0:di=01;34:ln=01;36:mh=00:pi=40;33:so=01;35:do=01;35:bd=40;33;01:cd=40;33;01:or=40;31;01:mi=00:su=37;41:sg=30;43:ca=30;41:tw=30;42:ow=34;42:st=37;44:ex=01;32:*.tar=01;31:*.tgz=01;31:*.arc=01;31:*.arj=01;31:*.taz=01;31:*.lha=01;31:*.lz4=01;31:*.lzh=01;31:*.lzma=01;31:*.tlz=01;31:*.txz=01;31:*.tzo=01;31:*.t7z=01;31:*.zip=01;31:*.z=01;31:*.dz=01;31:*.gz=01;31:*.lrz=01;31:*.lz=01;31:*.lzo=01;31:*.xz=01;31:*.zst=01;31:*.tzst=01;31:*.bz2=01;31:*.bz=01;31:*.tbz=01;31:*.tbz2=01;31:*.tz=01;31:*.deb=01;31:*.rpm=01;31:*.jar=01;31:*.war=01;31:*.ear=01;31:*.sar=01;31:*.rar=01;31:*.alz=01;31:*.ace=01;31:*.zoo=01;31:*.cpio=01;31:*.7z=01;31:*.rz=01;31:*.cab=01;31:*.wim=01;31:*.swm=01;31:*.dwm=01;31:*.esd=01;31:*.jpg=01;35:*.jpeg=01;35:*.mjpg=01;35:*.mjpeg=01;35:*.gif=01;35:*.bmp=01;35:*.pbm=01;35:*.pgm=01;35:*.ppm=01;35:*.tga=01;35:*.xbm=01;35:*.xpm=01;35:*.tif=01;35:*.tiff=01;35:*.png=01;35:*.svg=01;35:*.svgz=01;35:*.mng=01;35:*.pcx=01;35:*.mov=01;35:*.mpg=01;35:*.mpeg=01;35:*.m2v=01;35:*.mkv=01;35:*.webm=01;35:*.webp=01;35:*.ogm=01;35:*.mp4=01;35:*.m4v=01;35:*.mp4v=01;35:*.vob=01;35:*.qt=01;35:*.nuv=01;35:*.wmv=01;35:*.asf=01;35:*.rm=01;35:*.rmvb=01;35:*.flc=01;35:*.avi=01;35:*.fli=01;35:*.flv=01;35:*.gl=01;35:*.dl=01;35:*.xcf=01;35:*.xwd=01;35:*.yuv=01;35:*.cgm=01;35:*.emf=01;35:*.ogv=01;35:*.ogx=01;35:*.aac=00;36:*.au=00;36:*.flac=00;36:*.m4a=00;36:*.mid=00;36:*.midi=00;36:*.mka=00;36:*.mp3=00;36:*.mpc=00;36:*.ogg=00;36:*.ra=00;36:*.wav=00;36:*.oga=00;36:*.opus=00;36:*.spx=00;36:*.xspf=00;36:', 'CONDA_PROMPT_MODIFIER': '(bottle_python_3_12) ', 'AMENT_PREFIX_PATH': '/opt/ros/humble', 'LC_TERMINAL': 'iTerm2', 'SSH_CONNECTION': '172.16.67.112 62778 192.168.100.59 22', 'LESSCLOSE': '/usr/bin/lesspipe %s %s', 'XDG_SESSION_CLASS': 'user', 'PYTHONPATH': '/opt/ros/humble/lib/python3.10/site-packages:/opt/ros/humble/local/lib/python3.10/dist-packages', 'TERM': 'xterm-256color', 'LESSOPEN': '| /usr/bin/lesspipe %s', 'USER': 'root', 'CONDA_SHLVL': '2', 'LC_TERMINAL_VERSION': '3.3.7', 'SHLVL': '1', 'XDG_SESSION_ID': '32360', 'CONDA_PYTHON_EXE': '/root/miniconda3/bin/python', 'LD_LIBRARY_PATH': '/opt/ros/humble/opt/rviz_ogre_vendor/lib:/opt/ros/humble/lib/x86_64-linux-gnu:/opt/ros/humble/lib', 'XDG_RUNTIME_DIR': '/run/user/0', 'ROS_LOCALHOST_ONLY': '0', 'SSH_CLIENT': '172.16.67.112 62778 22', 'CONDA_DEFAULT_ENV': 'bottle_python_3_12', 'LC_TIME': 'C.UTF-8', 'XDG_DATA_DIRS': '/usr/local/share:/usr/share:/var/lib/snapd/desktop', 'PATH': '/opt/ros/humble/bin:/root/miniconda3/envs/bottle_python_3_12/bin:/root/miniconda3/condabin:/sbin:/usr/sbin:/usr/local/sbin:/usr/lpp/mmfs/bin:/usr/local/sbin:/usr/local/bin:/usr/sbin:/usr/bin:/sbin:/bin:/usr/games:/usr/local/games:/snap/bin', 'DBUS_SESSION_BUS_ADDRESS': 'unix:path=/run/user/0/bus', 'SSH_TTY': '/dev/pts/5', 'CONDA_PREFIX_1': '/root/miniconda3', 'ROS_DISTRO': 'humble', 'OLDPWD': '/root/bottle', '_': '/root/miniconda3/envs/bottle_python_3_12/bin/python', 'SERVER_NAME': 'localhost', 'GATEWAY_INTERFACE': 'CGI/1.1', 'SERVER_PORT': '8080', 'REMOTE_HOST': '', 'CONTENT_LENGTH': '8', 'SCRIPT_NAME': '', 'SERVER_PROTOCOL': 'HTTP/1.1', 'SERVER_SOFTWARE': 'WSGIServer/0.2', 'REQUEST_METHOD': 'POST', 'PATH_INFO': '/hello_post', 'QUERY_STRING': '', 'REMOTE_ADDR': '127.0.0.1', 'CONTENT_TYPE': 'application/x-www-form-urlencoded', 'HTTP_HOST': '127.0.0.1:8080', 'HTTP_USER_AGENT': 'curl/7.81.0', 'HTTP_ACCEPT': '*/*', 'wsgi.input': <_io.BufferedReader name=4>, 'wsgi.errors': <_io.TextIOWrapper name='<stderr>' mode='w' encoding='utf-8'>, 'wsgi.version': (1, 0), 'wsgi.run_once': False, 'wsgi.url_scheme': 'http', 'wsgi.multithread': False, 'wsgi.multiprocess': False, 'wsgi.file_wrapper': <class 'wsgiref.util.FileWrapper'>, 'bottle.raw_path': '/hello_post', 'bottle.app': <bottle.Bottle object at 0x7ff510a3f050>}
./bottle.py BaseResponse __init__ body:
./bottle.py BaseResponse __init__ status: None
./bottle.py BaseResponse __init__ headers: None
./bottle.py BaseResponse __init__ more_headers: {}
./bottle.py _local_property fset value: None
./bottle.py _local_property fset value: {}
./bottle.py _local_property fset value:
./bottle.py BaseResponse _set_status status: 200
./bottle.py _local_property fset value: 200
./bottle.py _local_property fset value: 200 OK
./bottle.py Bottle trigger_hook __name: before_request
./bottle.py Bottle trigger_hook args: ()
./bottle.py Bottle trigger_hook kwargs: {}
./bottle.py Router match environ: {'SHELL': '/bin/bash', 'ROS_VERSION': '2', 'CONDA_EXE': '/root/miniconda3/bin/conda', 'ROS_PYTHON_VERSION': '3', 'OLLAMA_MODELS': '/home/zhanghao/edu/ollama/model', 'PWD': '/root/bottle/examples', 'LOGNAME': 'root', 'XDG_SESSION_TYPE': 'tty', 'CONDA_PREFIX': '/root/miniconda3/envs/bottle_python_3_12', 'MOTD_SHOWN': 'pam', 'HOME': '/root', 'LANG': 'C.UTF-8', 'LS_COLORS': 'rs=0:di=01;34:ln=01;36:mh=00:pi=40;33:so=01;35:do=01;35:bd=40;33;01:cd=40;33;01:or=40;31;01:mi=00:su=37;41:sg=30;43:ca=30;41:tw=30;42:ow=34;42:st=37;44:ex=01;32:*.tar=01;31:*.tgz=01;31:*.arc=01;31:*.arj=01;31:*.taz=01;31:*.lha=01;31:*.lz4=01;31:*.lzh=01;31:*.lzma=01;31:*.tlz=01;31:*.txz=01;31:*.tzo=01;31:*.t7z=01;31:*.zip=01;31:*.z=01;31:*.dz=01;31:*.gz=01;31:*.lrz=01;31:*.lz=01;31:*.lzo=01;31:*.xz=01;31:*.zst=01;31:*.tzst=01;31:*.bz2=01;31:*.bz=01;31:*.tbz=01;31:*.tbz2=01;31:*.tz=01;31:*.deb=01;31:*.rpm=01;31:*.jar=01;31:*.war=01;31:*.ear=01;31:*.sar=01;31:*.rar=01;31:*.alz=01;31:*.ace=01;31:*.zoo=01;31:*.cpio=01;31:*.7z=01;31:*.rz=01;31:*.cab=01;31:*.wim=01;31:*.swm=01;31:*.dwm=01;31:*.esd=01;31:*.jpg=01;35:*.jpeg=01;35:*.mjpg=01;35:*.mjpeg=01;35:*.gif=01;35:*.bmp=01;35:*.pbm=01;35:*.pgm=01;35:*.ppm=01;35:*.tga=01;35:*.xbm=01;35:*.xpm=01;35:*.tif=01;35:*.tiff=01;35:*.png=01;35:*.svg=01;35:*.svgz=01;35:*.mng=01;35:*.pcx=01;35:*.mov=01;35:*.mpg=01;35:*.mpeg=01;35:*.m2v=01;35:*.mkv=01;35:*.webm=01;35:*.webp=01;35:*.ogm=01;35:*.mp4=01;35:*.m4v=01;35:*.mp4v=01;35:*.vob=01;35:*.qt=01;35:*.nuv=01;35:*.wmv=01;35:*.asf=01;35:*.rm=01;35:*.rmvb=01;35:*.flc=01;35:*.avi=01;35:*.fli=01;35:*.flv=01;35:*.gl=01;35:*.dl=01;35:*.xcf=01;35:*.xwd=01;35:*.yuv=01;35:*.cgm=01;35:*.emf=01;35:*.ogv=01;35:*.ogx=01;35:*.aac=00;36:*.au=00;36:*.flac=00;36:*.m4a=00;36:*.mid=00;36:*.midi=00;36:*.mka=00;36:*.mp3=00;36:*.mpc=00;36:*.ogg=00;36:*.ra=00;36:*.wav=00;36:*.oga=00;36:*.opus=00;36:*.spx=00;36:*.xspf=00;36:', 'CONDA_PROMPT_MODIFIER': '(bottle_python_3_12) ', 'AMENT_PREFIX_PATH': '/opt/ros/humble', 'LC_TERMINAL': 'iTerm2', 'SSH_CONNECTION': '172.16.67.112 62778 192.168.100.59 22', 'LESSCLOSE': '/usr/bin/lesspipe %s %s', 'XDG_SESSION_CLASS': 'user', 'PYTHONPATH': '/opt/ros/humble/lib/python3.10/site-packages:/opt/ros/humble/local/lib/python3.10/dist-packages', 'TERM': 'xterm-256color', 'LESSOPEN': '| /usr/bin/lesspipe %s', 'USER': 'root', 'CONDA_SHLVL': '2', 'LC_TERMINAL_VERSION': '3.3.7', 'SHLVL': '1', 'XDG_SESSION_ID': '32360', 'CONDA_PYTHON_EXE': '/root/miniconda3/bin/python', 'LD_LIBRARY_PATH': '/opt/ros/humble/opt/rviz_ogre_vendor/lib:/opt/ros/humble/lib/x86_64-linux-gnu:/opt/ros/humble/lib', 'XDG_RUNTIME_DIR': '/run/user/0', 'ROS_LOCALHOST_ONLY': '0', 'SSH_CLIENT': '172.16.67.112 62778 22', 'CONDA_DEFAULT_ENV': 'bottle_python_3_12', 'LC_TIME': 'C.UTF-8', 'XDG_DATA_DIRS': '/usr/local/share:/usr/share:/var/lib/snapd/desktop', 'PATH': '/opt/ros/humble/bin:/root/miniconda3/envs/bottle_python_3_12/bin:/root/miniconda3/condabin:/sbin:/usr/sbin:/usr/local/sbin:/usr/lpp/mmfs/bin:/usr/local/sbin:/usr/local/bin:/usr/sbin:/usr/bin:/sbin:/bin:/usr/games:/usr/local/games:/snap/bin', 'DBUS_SESSION_BUS_ADDRESS': 'unix:path=/run/user/0/bus', 'SSH_TTY': '/dev/pts/5', 'CONDA_PREFIX_1': '/root/miniconda3', 'ROS_DISTRO': 'humble', 'OLDPWD': '/root/bottle', '_': '/root/miniconda3/envs/bottle_python_3_12/bin/python', 'SERVER_NAME': 'localhost', 'GATEWAY_INTERFACE': 'CGI/1.1', 'SERVER_PORT': '8080', 'REMOTE_HOST': '', 'CONTENT_LENGTH': '8', 'SCRIPT_NAME': '', 'SERVER_PROTOCOL': 'HTTP/1.1', 'SERVER_SOFTWARE': 'WSGIServer/0.2', 'REQUEST_METHOD': 'POST', 'PATH_INFO': '/hello_post', 'QUERY_STRING': '', 'REMOTE_ADDR': '127.0.0.1', 'CONTENT_TYPE': 'application/x-www-form-urlencoded', 'HTTP_HOST': '127.0.0.1:8080', 'HTTP_USER_AGENT': 'curl/7.81.0', 'HTTP_ACCEPT': '*/*', 'wsgi.input': <_io.BufferedReader name=4>, 'wsgi.errors': <_io.TextIOWrapper name='<stderr>' mode='w' encoding='utf-8'>, 'wsgi.version': (1, 0), 'wsgi.run_once': False, 'wsgi.url_scheme': 'http', 'wsgi.multithread': False, 'wsgi.multiprocess': False, 'wsgi.file_wrapper': <class 'wsgiref.util.FileWrapper'>, 'bottle.raw_path': '/hello_post', 'bottle.app': <bottle.Bottle object at 0x7ff510a3f050>, 'bottle.request': <LocalRequest: POST http://127.0.0.1:8080/hello_post>, 'bottle.request.urlparts': SplitResult(scheme='http', netloc='127.0.0.1:8080', path='/hello_post', query='', fragment='')}
./bottle.py MultiDict __init__ a: ()
./bottle.py MultiDict __init__ k: {}
./bottle.py _parse_http_header h: application/x-www-form-urlencoded
./bottle.py BaseRequest _get_body_string maxread: 102400
./bottle.py BaseRequest _iter_body read: <built-in method read of _io.BufferedReader object at 0x7ff50fdbef00>
./bottle.py BaseRequest _iter_body bufsize: 102400
./bottle.py touni s: b'name=tom'
./bottle.py touni enc: latin1
./bottle.py touni err: strict
./bottle.py _parse_qsl qs: name=tom
./bottle.py MultiDict __setitem__ key: name
./bottle.py MultiDict __setitem__ value: tom
./bottle.py MultiDict append key: name
./bottle.py MultiDict append value: tom
./bottle.py MultiDict __getitem__ key: name
./bottle.py Bottle trigger_hook __name: after_request
./bottle.py Bottle trigger_hook args: ()
./bottle.py Bottle trigger_hook kwargs: {}
./bottle.py Bottle _cast out: Hello tom!
./bottle.py Bottle _cast peek: None
./bottle.py BaseResponse charset default: UTF-8
./bottle.py HeaderProperty __get__ obj: Content-Type: text/html; charset=UTF-8

./bottle.py BaseResponse get_header name: Content-Type
./bottle.py BaseResponse get_header default:
./bottle.py _hkey key: Content-Type
./bottle.py BaseResponse __contains__ name: Content-Length
./bottle.py _hkey key: Content-Length
./bottle.py BaseResponse __setitem__ name: Content-Length
./bottle.py BaseResponse __setitem__ value: 10
./bottle.py _hval value: 10
./bottle.py touni s: 10
./bottle.py touni enc: utf8
./bottle.py touni err: strict
./bottle.py _hkey key: Content-Length
127.0.0.1 - - [12/Dec/2025 15:59:02] "POST /hello_post HTTP/1.1" 200 10

----------------------------------------------------------------------------------------------------------------------------------------------------------------
./bottle.py Bottle __call__ environ: {'SHELL': '/bin/bash', 'ROS_VERSION': '2', 'CONDA_EXE': '/root/miniconda3/bin/conda', 'ROS_PYTHON_VERSION': '3', 'OLLAMA_MODELS': '/home/zhanghao/edu/ollama/model', 'PWD': '/root/bottle/examples', 'LOGNAME': 'root', 'XDG_SESSION_TYPE': 'tty', 'CONDA_PREFIX': '/root/miniconda3/envs/bottle_python_3_12', 'MOTD_SHOWN': 'pam', 'HOME': '/root', 'LANG': 'C.UTF-8', 'LS_COLORS': 'rs=0:di=01;34:ln=01;36:mh=00:pi=40;33:so=01;35:do=01;35:bd=40;33;01:cd=40;33;01:or=40;31;01:mi=00:su=37;41:sg=30;43:ca=30;41:tw=30;42:ow=34;42:st=37;44:ex=01;32:*.tar=01;31:*.tgz=01;31:*.arc=01;31:*.arj=01;31:*.taz=01;31:*.lha=01;31:*.lz4=01;31:*.lzh=01;31:*.lzma=01;31:*.tlz=01;31:*.txz=01;31:*.tzo=01;31:*.t7z=01;31:*.zip=01;31:*.z=01;31:*.dz=01;31:*.gz=01;31:*.lrz=01;31:*.lz=01;31:*.lzo=01;31:*.xz=01;31:*.zst=01;31:*.tzst=01;31:*.bz2=01;31:*.bz=01;31:*.tbz=01;31:*.tbz2=01;31:*.tz=01;31:*.deb=01;31:*.rpm=01;31:*.jar=01;31:*.war=01;31:*.ear=01;31:*.sar=01;31:*.rar=01;31:*.alz=01;31:*.ace=01;31:*.zoo=01;31:*.cpio=01;31:*.7z=01;31:*.rz=01;31:*.cab=01;31:*.wim=01;31:*.swm=01;31:*.dwm=01;31:*.esd=01;31:*.jpg=01;35:*.jpeg=01;35:*.mjpg=01;35:*.mjpeg=01;35:*.gif=01;35:*.bmp=01;35:*.pbm=01;35:*.pgm=01;35:*.ppm=01;35:*.tga=01;35:*.xbm=01;35:*.xpm=01;35:*.tif=01;35:*.tiff=01;35:*.png=01;35:*.svg=01;35:*.svgz=01;35:*.mng=01;35:*.pcx=01;35:*.mov=01;35:*.mpg=01;35:*.mpeg=01;35:*.m2v=01;35:*.mkv=01;35:*.webm=01;35:*.webp=01;35:*.ogm=01;35:*.mp4=01;35:*.m4v=01;35:*.mp4v=01;35:*.vob=01;35:*.qt=01;35:*.nuv=01;35:*.wmv=01;35:*.asf=01;35:*.rm=01;35:*.rmvb=01;35:*.flc=01;35:*.avi=01;35:*.fli=01;35:*.flv=01;35:*.gl=01;35:*.dl=01;35:*.xcf=01;35:*.xwd=01;35:*.yuv=01;35:*.cgm=01;35:*.emf=01;35:*.ogv=01;35:*.ogx=01;35:*.aac=00;36:*.au=00;36:*.flac=00;36:*.m4a=00;36:*.mid=00;36:*.midi=00;36:*.mka=00;36:*.mp3=00;36:*.mpc=00;36:*.ogg=00;36:*.ra=00;36:*.wav=00;36:*.oga=00;36:*.opus=00;36:*.spx=00;36:*.xspf=00;36:', 'CONDA_PROMPT_MODIFIER': '(bottle_python_3_12) ', 'AMENT_PREFIX_PATH': '/opt/ros/humble', 'LC_TERMINAL': 'iTerm2', 'SSH_CONNECTION': '172.16.67.112 62778 192.168.100.59 22', 'LESSCLOSE': '/usr/bin/lesspipe %s %s', 'XDG_SESSION_CLASS': 'user', 'PYTHONPATH': '/opt/ros/humble/lib/python3.10/site-packages:/opt/ros/humble/local/lib/python3.10/dist-packages', 'TERM': 'xterm-256color', 'LESSOPEN': '| /usr/bin/lesspipe %s', 'USER': 'root', 'CONDA_SHLVL': '2', 'LC_TERMINAL_VERSION': '3.3.7', 'SHLVL': '1', 'XDG_SESSION_ID': '32360', 'CONDA_PYTHON_EXE': '/root/miniconda3/bin/python', 'LD_LIBRARY_PATH': '/opt/ros/humble/opt/rviz_ogre_vendor/lib:/opt/ros/humble/lib/x86_64-linux-gnu:/opt/ros/humble/lib', 'XDG_RUNTIME_DIR': '/run/user/0', 'ROS_LOCALHOST_ONLY': '0', 'SSH_CLIENT': '172.16.67.112 62778 22', 'CONDA_DEFAULT_ENV': 'bottle_python_3_12', 'LC_TIME': 'C.UTF-8', 'XDG_DATA_DIRS': '/usr/local/share:/usr/share:/var/lib/snapd/desktop', 'PATH': '/opt/ros/humble/bin:/root/miniconda3/envs/bottle_python_3_12/bin:/root/miniconda3/condabin:/sbin:/usr/sbin:/usr/local/sbin:/usr/lpp/mmfs/bin:/usr/local/sbin:/usr/local/bin:/usr/sbin:/usr/bin:/sbin:/bin:/usr/games:/usr/local/games:/snap/bin', 'DBUS_SESSION_BUS_ADDRESS': 'unix:path=/run/user/0/bus', 'SSH_TTY': '/dev/pts/5', 'CONDA_PREFIX_1': '/root/miniconda3', 'ROS_DISTRO': 'humble', 'OLDPWD': '/root/bottle', '_': '/root/miniconda3/envs/bottle_python_3_12/bin/python', 'SERVER_NAME': 'localhost', 'GATEWAY_INTERFACE': 'CGI/1.1', 'SERVER_PORT': '8080', 'REMOTE_HOST': '', 'CONTENT_LENGTH': '', 'SCRIPT_NAME': '', 'SERVER_PROTOCOL': 'HTTP/1.1', 'SERVER_SOFTWARE': 'WSGIServer/0.2', 'REQUEST_METHOD': 'GET', 'PATH_INFO': '/hello/lanzhiwang', 'QUERY_STRING': '', 'REMOTE_ADDR': '127.0.0.1', 'CONTENT_TYPE': 'text/plain', 'HTTP_HOST': '127.0.0.1:8080', 'HTTP_USER_AGENT': 'curl/7.81.0', 'HTTP_ACCEPT': '*/*', 'wsgi.input': <_io.BufferedReader name=4>, 'wsgi.errors': <_io.TextIOWrapper name='<stderr>' mode='w' encoding='utf-8'>, 'wsgi.version': (1, 0), 'wsgi.run_once': False, 'wsgi.url_scheme': 'http', 'wsgi.multithread': False, 'wsgi.multiprocess': False, 'wsgi.file_wrapper': <class 'wsgiref.util.FileWrapper'>}
./bottle.py Bottle __call__ start_response: <bound method BaseHandler.start_response of <wsgiref.simple_server.ServerHandler object at 0x7ff50fd07860>>
./bottle.py Bottle wsgi environ: {'SHELL': '/bin/bash', 'ROS_VERSION': '2', 'CONDA_EXE': '/root/miniconda3/bin/conda', 'ROS_PYTHON_VERSION': '3', 'OLLAMA_MODELS': '/home/zhanghao/edu/ollama/model', 'PWD': '/root/bottle/examples', 'LOGNAME': 'root', 'XDG_SESSION_TYPE': 'tty', 'CONDA_PREFIX': '/root/miniconda3/envs/bottle_python_3_12', 'MOTD_SHOWN': 'pam', 'HOME': '/root', 'LANG': 'C.UTF-8', 'LS_COLORS': 'rs=0:di=01;34:ln=01;36:mh=00:pi=40;33:so=01;35:do=01;35:bd=40;33;01:cd=40;33;01:or=40;31;01:mi=00:su=37;41:sg=30;43:ca=30;41:tw=30;42:ow=34;42:st=37;44:ex=01;32:*.tar=01;31:*.tgz=01;31:*.arc=01;31:*.arj=01;31:*.taz=01;31:*.lha=01;31:*.lz4=01;31:*.lzh=01;31:*.lzma=01;31:*.tlz=01;31:*.txz=01;31:*.tzo=01;31:*.t7z=01;31:*.zip=01;31:*.z=01;31:*.dz=01;31:*.gz=01;31:*.lrz=01;31:*.lz=01;31:*.lzo=01;31:*.xz=01;31:*.zst=01;31:*.tzst=01;31:*.bz2=01;31:*.bz=01;31:*.tbz=01;31:*.tbz2=01;31:*.tz=01;31:*.deb=01;31:*.rpm=01;31:*.jar=01;31:*.war=01;31:*.ear=01;31:*.sar=01;31:*.rar=01;31:*.alz=01;31:*.ace=01;31:*.zoo=01;31:*.cpio=01;31:*.7z=01;31:*.rz=01;31:*.cab=01;31:*.wim=01;31:*.swm=01;31:*.dwm=01;31:*.esd=01;31:*.jpg=01;35:*.jpeg=01;35:*.mjpg=01;35:*.mjpeg=01;35:*.gif=01;35:*.bmp=01;35:*.pbm=01;35:*.pgm=01;35:*.ppm=01;35:*.tga=01;35:*.xbm=01;35:*.xpm=01;35:*.tif=01;35:*.tiff=01;35:*.png=01;35:*.svg=01;35:*.svgz=01;35:*.mng=01;35:*.pcx=01;35:*.mov=01;35:*.mpg=01;35:*.mpeg=01;35:*.m2v=01;35:*.mkv=01;35:*.webm=01;35:*.webp=01;35:*.ogm=01;35:*.mp4=01;35:*.m4v=01;35:*.mp4v=01;35:*.vob=01;35:*.qt=01;35:*.nuv=01;35:*.wmv=01;35:*.asf=01;35:*.rm=01;35:*.rmvb=01;35:*.flc=01;35:*.avi=01;35:*.fli=01;35:*.flv=01;35:*.gl=01;35:*.dl=01;35:*.xcf=01;35:*.xwd=01;35:*.yuv=01;35:*.cgm=01;35:*.emf=01;35:*.ogv=01;35:*.ogx=01;35:*.aac=00;36:*.au=00;36:*.flac=00;36:*.m4a=00;36:*.mid=00;36:*.midi=00;36:*.mka=00;36:*.mp3=00;36:*.mpc=00;36:*.ogg=00;36:*.ra=00;36:*.wav=00;36:*.oga=00;36:*.opus=00;36:*.spx=00;36:*.xspf=00;36:', 'CONDA_PROMPT_MODIFIER': '(bottle_python_3_12) ', 'AMENT_PREFIX_PATH': '/opt/ros/humble', 'LC_TERMINAL': 'iTerm2', 'SSH_CONNECTION': '172.16.67.112 62778 192.168.100.59 22', 'LESSCLOSE': '/usr/bin/lesspipe %s %s', 'XDG_SESSION_CLASS': 'user', 'PYTHONPATH': '/opt/ros/humble/lib/python3.10/site-packages:/opt/ros/humble/local/lib/python3.10/dist-packages', 'TERM': 'xterm-256color', 'LESSOPEN': '| /usr/bin/lesspipe %s', 'USER': 'root', 'CONDA_SHLVL': '2', 'LC_TERMINAL_VERSION': '3.3.7', 'SHLVL': '1', 'XDG_SESSION_ID': '32360', 'CONDA_PYTHON_EXE': '/root/miniconda3/bin/python', 'LD_LIBRARY_PATH': '/opt/ros/humble/opt/rviz_ogre_vendor/lib:/opt/ros/humble/lib/x86_64-linux-gnu:/opt/ros/humble/lib', 'XDG_RUNTIME_DIR': '/run/user/0', 'ROS_LOCALHOST_ONLY': '0', 'SSH_CLIENT': '172.16.67.112 62778 22', 'CONDA_DEFAULT_ENV': 'bottle_python_3_12', 'LC_TIME': 'C.UTF-8', 'XDG_DATA_DIRS': '/usr/local/share:/usr/share:/var/lib/snapd/desktop', 'PATH': '/opt/ros/humble/bin:/root/miniconda3/envs/bottle_python_3_12/bin:/root/miniconda3/condabin:/sbin:/usr/sbin:/usr/local/sbin:/usr/lpp/mmfs/bin:/usr/local/sbin:/usr/local/bin:/usr/sbin:/usr/bin:/sbin:/bin:/usr/games:/usr/local/games:/snap/bin', 'DBUS_SESSION_BUS_ADDRESS': 'unix:path=/run/user/0/bus', 'SSH_TTY': '/dev/pts/5', 'CONDA_PREFIX_1': '/root/miniconda3', 'ROS_DISTRO': 'humble', 'OLDPWD': '/root/bottle', '_': '/root/miniconda3/envs/bottle_python_3_12/bin/python', 'SERVER_NAME': 'localhost', 'GATEWAY_INTERFACE': 'CGI/1.1', 'SERVER_PORT': '8080', 'REMOTE_HOST': '', 'CONTENT_LENGTH': '', 'SCRIPT_NAME': '', 'SERVER_PROTOCOL': 'HTTP/1.1', 'SERVER_SOFTWARE': 'WSGIServer/0.2', 'REQUEST_METHOD': 'GET', 'PATH_INFO': '/hello/lanzhiwang', 'QUERY_STRING': '', 'REMOTE_ADDR': '127.0.0.1', 'CONTENT_TYPE': 'text/plain', 'HTTP_HOST': '127.0.0.1:8080', 'HTTP_USER_AGENT': 'curl/7.81.0', 'HTTP_ACCEPT': '*/*', 'wsgi.input': <_io.BufferedReader name=4>, 'wsgi.errors': <_io.TextIOWrapper name='<stderr>' mode='w' encoding='utf-8'>, 'wsgi.version': (1, 0), 'wsgi.run_once': False, 'wsgi.url_scheme': 'http', 'wsgi.multithread': False, 'wsgi.multiprocess': False, 'wsgi.file_wrapper': <class 'wsgiref.util.FileWrapper'>}
./bottle.py Bottle wsgi start_response: <bound method BaseHandler.start_response of <wsgiref.simple_server.ServerHandler object at 0x7ff50fd07860>>
./bottle.py Bottle _handle environ: {'SHELL': '/bin/bash', 'ROS_VERSION': '2', 'CONDA_EXE': '/root/miniconda3/bin/conda', 'ROS_PYTHON_VERSION': '3', 'OLLAMA_MODELS': '/home/zhanghao/edu/ollama/model', 'PWD': '/root/bottle/examples', 'LOGNAME': 'root', 'XDG_SESSION_TYPE': 'tty', 'CONDA_PREFIX': '/root/miniconda3/envs/bottle_python_3_12', 'MOTD_SHOWN': 'pam', 'HOME': '/root', 'LANG': 'C.UTF-8', 'LS_COLORS': 'rs=0:di=01;34:ln=01;36:mh=00:pi=40;33:so=01;35:do=01;35:bd=40;33;01:cd=40;33;01:or=40;31;01:mi=00:su=37;41:sg=30;43:ca=30;41:tw=30;42:ow=34;42:st=37;44:ex=01;32:*.tar=01;31:*.tgz=01;31:*.arc=01;31:*.arj=01;31:*.taz=01;31:*.lha=01;31:*.lz4=01;31:*.lzh=01;31:*.lzma=01;31:*.tlz=01;31:*.txz=01;31:*.tzo=01;31:*.t7z=01;31:*.zip=01;31:*.z=01;31:*.dz=01;31:*.gz=01;31:*.lrz=01;31:*.lz=01;31:*.lzo=01;31:*.xz=01;31:*.zst=01;31:*.tzst=01;31:*.bz2=01;31:*.bz=01;31:*.tbz=01;31:*.tbz2=01;31:*.tz=01;31:*.deb=01;31:*.rpm=01;31:*.jar=01;31:*.war=01;31:*.ear=01;31:*.sar=01;31:*.rar=01;31:*.alz=01;31:*.ace=01;31:*.zoo=01;31:*.cpio=01;31:*.7z=01;31:*.rz=01;31:*.cab=01;31:*.wim=01;31:*.swm=01;31:*.dwm=01;31:*.esd=01;31:*.jpg=01;35:*.jpeg=01;35:*.mjpg=01;35:*.mjpeg=01;35:*.gif=01;35:*.bmp=01;35:*.pbm=01;35:*.pgm=01;35:*.ppm=01;35:*.tga=01;35:*.xbm=01;35:*.xpm=01;35:*.tif=01;35:*.tiff=01;35:*.png=01;35:*.svg=01;35:*.svgz=01;35:*.mng=01;35:*.pcx=01;35:*.mov=01;35:*.mpg=01;35:*.mpeg=01;35:*.m2v=01;35:*.mkv=01;35:*.webm=01;35:*.webp=01;35:*.ogm=01;35:*.mp4=01;35:*.m4v=01;35:*.mp4v=01;35:*.vob=01;35:*.qt=01;35:*.nuv=01;35:*.wmv=01;35:*.asf=01;35:*.rm=01;35:*.rmvb=01;35:*.flc=01;35:*.avi=01;35:*.fli=01;35:*.flv=01;35:*.gl=01;35:*.dl=01;35:*.xcf=01;35:*.xwd=01;35:*.yuv=01;35:*.cgm=01;35:*.emf=01;35:*.ogv=01;35:*.ogx=01;35:*.aac=00;36:*.au=00;36:*.flac=00;36:*.m4a=00;36:*.mid=00;36:*.midi=00;36:*.mka=00;36:*.mp3=00;36:*.mpc=00;36:*.ogg=00;36:*.ra=00;36:*.wav=00;36:*.oga=00;36:*.opus=00;36:*.spx=00;36:*.xspf=00;36:', 'CONDA_PROMPT_MODIFIER': '(bottle_python_3_12) ', 'AMENT_PREFIX_PATH': '/opt/ros/humble', 'LC_TERMINAL': 'iTerm2', 'SSH_CONNECTION': '172.16.67.112 62778 192.168.100.59 22', 'LESSCLOSE': '/usr/bin/lesspipe %s %s', 'XDG_SESSION_CLASS': 'user', 'PYTHONPATH': '/opt/ros/humble/lib/python3.10/site-packages:/opt/ros/humble/local/lib/python3.10/dist-packages', 'TERM': 'xterm-256color', 'LESSOPEN': '| /usr/bin/lesspipe %s', 'USER': 'root', 'CONDA_SHLVL': '2', 'LC_TERMINAL_VERSION': '3.3.7', 'SHLVL': '1', 'XDG_SESSION_ID': '32360', 'CONDA_PYTHON_EXE': '/root/miniconda3/bin/python', 'LD_LIBRARY_PATH': '/opt/ros/humble/opt/rviz_ogre_vendor/lib:/opt/ros/humble/lib/x86_64-linux-gnu:/opt/ros/humble/lib', 'XDG_RUNTIME_DIR': '/run/user/0', 'ROS_LOCALHOST_ONLY': '0', 'SSH_CLIENT': '172.16.67.112 62778 22', 'CONDA_DEFAULT_ENV': 'bottle_python_3_12', 'LC_TIME': 'C.UTF-8', 'XDG_DATA_DIRS': '/usr/local/share:/usr/share:/var/lib/snapd/desktop', 'PATH': '/opt/ros/humble/bin:/root/miniconda3/envs/bottle_python_3_12/bin:/root/miniconda3/condabin:/sbin:/usr/sbin:/usr/local/sbin:/usr/lpp/mmfs/bin:/usr/local/sbin:/usr/local/bin:/usr/sbin:/usr/bin:/sbin:/bin:/usr/games:/usr/local/games:/snap/bin', 'DBUS_SESSION_BUS_ADDRESS': 'unix:path=/run/user/0/bus', 'SSH_TTY': '/dev/pts/5', 'CONDA_PREFIX_1': '/root/miniconda3', 'ROS_DISTRO': 'humble', 'OLDPWD': '/root/bottle', '_': '/root/miniconda3/envs/bottle_python_3_12/bin/python', 'SERVER_NAME': 'localhost', 'GATEWAY_INTERFACE': 'CGI/1.1', 'SERVER_PORT': '8080', 'REMOTE_HOST': '', 'CONTENT_LENGTH': '', 'SCRIPT_NAME': '', 'SERVER_PROTOCOL': 'HTTP/1.1', 'SERVER_SOFTWARE': 'WSGIServer/0.2', 'REQUEST_METHOD': 'GET', 'PATH_INFO': '/hello/lanzhiwang', 'QUERY_STRING': '', 'REMOTE_ADDR': '127.0.0.1', 'CONTENT_TYPE': 'text/plain', 'HTTP_HOST': '127.0.0.1:8080', 'HTTP_USER_AGENT': 'curl/7.81.0', 'HTTP_ACCEPT': '*/*', 'wsgi.input': <_io.BufferedReader name=4>, 'wsgi.errors': <_io.TextIOWrapper name='<stderr>' mode='w' encoding='utf-8'>, 'wsgi.version': (1, 0), 'wsgi.run_once': False, 'wsgi.url_scheme': 'http', 'wsgi.multithread': False, 'wsgi.multiprocess': False, 'wsgi.file_wrapper': <class 'wsgiref.util.FileWrapper'>}
./bottle.py BaseRequest __init__ environ: {'SHELL': '/bin/bash', 'ROS_VERSION': '2', 'CONDA_EXE': '/root/miniconda3/bin/conda', 'ROS_PYTHON_VERSION': '3', 'OLLAMA_MODELS': '/home/zhanghao/edu/ollama/model', 'PWD': '/root/bottle/examples', 'LOGNAME': 'root', 'XDG_SESSION_TYPE': 'tty', 'CONDA_PREFIX': '/root/miniconda3/envs/bottle_python_3_12', 'MOTD_SHOWN': 'pam', 'HOME': '/root', 'LANG': 'C.UTF-8', 'LS_COLORS': 'rs=0:di=01;34:ln=01;36:mh=00:pi=40;33:so=01;35:do=01;35:bd=40;33;01:cd=40;33;01:or=40;31;01:mi=00:su=37;41:sg=30;43:ca=30;41:tw=30;42:ow=34;42:st=37;44:ex=01;32:*.tar=01;31:*.tgz=01;31:*.arc=01;31:*.arj=01;31:*.taz=01;31:*.lha=01;31:*.lz4=01;31:*.lzh=01;31:*.lzma=01;31:*.tlz=01;31:*.txz=01;31:*.tzo=01;31:*.t7z=01;31:*.zip=01;31:*.z=01;31:*.dz=01;31:*.gz=01;31:*.lrz=01;31:*.lz=01;31:*.lzo=01;31:*.xz=01;31:*.zst=01;31:*.tzst=01;31:*.bz2=01;31:*.bz=01;31:*.tbz=01;31:*.tbz2=01;31:*.tz=01;31:*.deb=01;31:*.rpm=01;31:*.jar=01;31:*.war=01;31:*.ear=01;31:*.sar=01;31:*.rar=01;31:*.alz=01;31:*.ace=01;31:*.zoo=01;31:*.cpio=01;31:*.7z=01;31:*.rz=01;31:*.cab=01;31:*.wim=01;31:*.swm=01;31:*.dwm=01;31:*.esd=01;31:*.jpg=01;35:*.jpeg=01;35:*.mjpg=01;35:*.mjpeg=01;35:*.gif=01;35:*.bmp=01;35:*.pbm=01;35:*.pgm=01;35:*.ppm=01;35:*.tga=01;35:*.xbm=01;35:*.xpm=01;35:*.tif=01;35:*.tiff=01;35:*.png=01;35:*.svg=01;35:*.svgz=01;35:*.mng=01;35:*.pcx=01;35:*.mov=01;35:*.mpg=01;35:*.mpeg=01;35:*.m2v=01;35:*.mkv=01;35:*.webm=01;35:*.webp=01;35:*.ogm=01;35:*.mp4=01;35:*.m4v=01;35:*.mp4v=01;35:*.vob=01;35:*.qt=01;35:*.nuv=01;35:*.wmv=01;35:*.asf=01;35:*.rm=01;35:*.rmvb=01;35:*.flc=01;35:*.avi=01;35:*.fli=01;35:*.flv=01;35:*.gl=01;35:*.dl=01;35:*.xcf=01;35:*.xwd=01;35:*.yuv=01;35:*.cgm=01;35:*.emf=01;35:*.ogv=01;35:*.ogx=01;35:*.aac=00;36:*.au=00;36:*.flac=00;36:*.m4a=00;36:*.mid=00;36:*.midi=00;36:*.mka=00;36:*.mp3=00;36:*.mpc=00;36:*.ogg=00;36:*.ra=00;36:*.wav=00;36:*.oga=00;36:*.opus=00;36:*.spx=00;36:*.xspf=00;36:', 'CONDA_PROMPT_MODIFIER': '(bottle_python_3_12) ', 'AMENT_PREFIX_PATH': '/opt/ros/humble', 'LC_TERMINAL': 'iTerm2', 'SSH_CONNECTION': '172.16.67.112 62778 192.168.100.59 22', 'LESSCLOSE': '/usr/bin/lesspipe %s %s', 'XDG_SESSION_CLASS': 'user', 'PYTHONPATH': '/opt/ros/humble/lib/python3.10/site-packages:/opt/ros/humble/local/lib/python3.10/dist-packages', 'TERM': 'xterm-256color', 'LESSOPEN': '| /usr/bin/lesspipe %s', 'USER': 'root', 'CONDA_SHLVL': '2', 'LC_TERMINAL_VERSION': '3.3.7', 'SHLVL': '1', 'XDG_SESSION_ID': '32360', 'CONDA_PYTHON_EXE': '/root/miniconda3/bin/python', 'LD_LIBRARY_PATH': '/opt/ros/humble/opt/rviz_ogre_vendor/lib:/opt/ros/humble/lib/x86_64-linux-gnu:/opt/ros/humble/lib', 'XDG_RUNTIME_DIR': '/run/user/0', 'ROS_LOCALHOST_ONLY': '0', 'SSH_CLIENT': '172.16.67.112 62778 22', 'CONDA_DEFAULT_ENV': 'bottle_python_3_12', 'LC_TIME': 'C.UTF-8', 'XDG_DATA_DIRS': '/usr/local/share:/usr/share:/var/lib/snapd/desktop', 'PATH': '/opt/ros/humble/bin:/root/miniconda3/envs/bottle_python_3_12/bin:/root/miniconda3/condabin:/sbin:/usr/sbin:/usr/local/sbin:/usr/lpp/mmfs/bin:/usr/local/sbin:/usr/local/bin:/usr/sbin:/usr/bin:/sbin:/bin:/usr/games:/usr/local/games:/snap/bin', 'DBUS_SESSION_BUS_ADDRESS': 'unix:path=/run/user/0/bus', 'SSH_TTY': '/dev/pts/5', 'CONDA_PREFIX_1': '/root/miniconda3', 'ROS_DISTRO': 'humble', 'OLDPWD': '/root/bottle', '_': '/root/miniconda3/envs/bottle_python_3_12/bin/python', 'SERVER_NAME': 'localhost', 'GATEWAY_INTERFACE': 'CGI/1.1', 'SERVER_PORT': '8080', 'REMOTE_HOST': '', 'CONTENT_LENGTH': '', 'SCRIPT_NAME': '', 'SERVER_PROTOCOL': 'HTTP/1.1', 'SERVER_SOFTWARE': 'WSGIServer/0.2', 'REQUEST_METHOD': 'GET', 'PATH_INFO': '/hello/lanzhiwang', 'QUERY_STRING': '', 'REMOTE_ADDR': '127.0.0.1', 'CONTENT_TYPE': 'text/plain', 'HTTP_HOST': '127.0.0.1:8080', 'HTTP_USER_AGENT': 'curl/7.81.0', 'HTTP_ACCEPT': '*/*', 'wsgi.input': <_io.BufferedReader name=4>, 'wsgi.errors': <_io.TextIOWrapper name='<stderr>' mode='w' encoding='utf-8'>, 'wsgi.version': (1, 0), 'wsgi.run_once': False, 'wsgi.url_scheme': 'http', 'wsgi.multithread': False, 'wsgi.multiprocess': False, 'wsgi.file_wrapper': <class 'wsgiref.util.FileWrapper'>, 'bottle.raw_path': '/hello/lanzhiwang', 'bottle.app': <bottle.Bottle object at 0x7ff510a3f050>}
./bottle.py BaseRequest __setattr__ name: environ
./bottle.py BaseRequest __setattr__ value: {'SHELL': '/bin/bash', 'ROS_VERSION': '2', 'CONDA_EXE': '/root/miniconda3/bin/conda', 'ROS_PYTHON_VERSION': '3', 'OLLAMA_MODELS': '/home/zhanghao/edu/ollama/model', 'PWD': '/root/bottle/examples', 'LOGNAME': 'root', 'XDG_SESSION_TYPE': 'tty', 'CONDA_PREFIX': '/root/miniconda3/envs/bottle_python_3_12', 'MOTD_SHOWN': 'pam', 'HOME': '/root', 'LANG': 'C.UTF-8', 'LS_COLORS': 'rs=0:di=01;34:ln=01;36:mh=00:pi=40;33:so=01;35:do=01;35:bd=40;33;01:cd=40;33;01:or=40;31;01:mi=00:su=37;41:sg=30;43:ca=30;41:tw=30;42:ow=34;42:st=37;44:ex=01;32:*.tar=01;31:*.tgz=01;31:*.arc=01;31:*.arj=01;31:*.taz=01;31:*.lha=01;31:*.lz4=01;31:*.lzh=01;31:*.lzma=01;31:*.tlz=01;31:*.txz=01;31:*.tzo=01;31:*.t7z=01;31:*.zip=01;31:*.z=01;31:*.dz=01;31:*.gz=01;31:*.lrz=01;31:*.lz=01;31:*.lzo=01;31:*.xz=01;31:*.zst=01;31:*.tzst=01;31:*.bz2=01;31:*.bz=01;31:*.tbz=01;31:*.tbz2=01;31:*.tz=01;31:*.deb=01;31:*.rpm=01;31:*.jar=01;31:*.war=01;31:*.ear=01;31:*.sar=01;31:*.rar=01;31:*.alz=01;31:*.ace=01;31:*.zoo=01;31:*.cpio=01;31:*.7z=01;31:*.rz=01;31:*.cab=01;31:*.wim=01;31:*.swm=01;31:*.dwm=01;31:*.esd=01;31:*.jpg=01;35:*.jpeg=01;35:*.mjpg=01;35:*.mjpeg=01;35:*.gif=01;35:*.bmp=01;35:*.pbm=01;35:*.pgm=01;35:*.ppm=01;35:*.tga=01;35:*.xbm=01;35:*.xpm=01;35:*.tif=01;35:*.tiff=01;35:*.png=01;35:*.svg=01;35:*.svgz=01;35:*.mng=01;35:*.pcx=01;35:*.mov=01;35:*.mpg=01;35:*.mpeg=01;35:*.m2v=01;35:*.mkv=01;35:*.webm=01;35:*.webp=01;35:*.ogm=01;35:*.mp4=01;35:*.m4v=01;35:*.mp4v=01;35:*.vob=01;35:*.qt=01;35:*.nuv=01;35:*.wmv=01;35:*.asf=01;35:*.rm=01;35:*.rmvb=01;35:*.flc=01;35:*.avi=01;35:*.fli=01;35:*.flv=01;35:*.gl=01;35:*.dl=01;35:*.xcf=01;35:*.xwd=01;35:*.yuv=01;35:*.cgm=01;35:*.emf=01;35:*.ogv=01;35:*.ogx=01;35:*.aac=00;36:*.au=00;36:*.flac=00;36:*.m4a=00;36:*.mid=00;36:*.midi=00;36:*.mka=00;36:*.mp3=00;36:*.mpc=00;36:*.ogg=00;36:*.ra=00;36:*.wav=00;36:*.oga=00;36:*.opus=00;36:*.spx=00;36:*.xspf=00;36:', 'CONDA_PROMPT_MODIFIER': '(bottle_python_3_12) ', 'AMENT_PREFIX_PATH': '/opt/ros/humble', 'LC_TERMINAL': 'iTerm2', 'SSH_CONNECTION': '172.16.67.112 62778 192.168.100.59 22', 'LESSCLOSE': '/usr/bin/lesspipe %s %s', 'XDG_SESSION_CLASS': 'user', 'PYTHONPATH': '/opt/ros/humble/lib/python3.10/site-packages:/opt/ros/humble/local/lib/python3.10/dist-packages', 'TERM': 'xterm-256color', 'LESSOPEN': '| /usr/bin/lesspipe %s', 'USER': 'root', 'CONDA_SHLVL': '2', 'LC_TERMINAL_VERSION': '3.3.7', 'SHLVL': '1', 'XDG_SESSION_ID': '32360', 'CONDA_PYTHON_EXE': '/root/miniconda3/bin/python', 'LD_LIBRARY_PATH': '/opt/ros/humble/opt/rviz_ogre_vendor/lib:/opt/ros/humble/lib/x86_64-linux-gnu:/opt/ros/humble/lib', 'XDG_RUNTIME_DIR': '/run/user/0', 'ROS_LOCALHOST_ONLY': '0', 'SSH_CLIENT': '172.16.67.112 62778 22', 'CONDA_DEFAULT_ENV': 'bottle_python_3_12', 'LC_TIME': 'C.UTF-8', 'XDG_DATA_DIRS': '/usr/local/share:/usr/share:/var/lib/snapd/desktop', 'PATH': '/opt/ros/humble/bin:/root/miniconda3/envs/bottle_python_3_12/bin:/root/miniconda3/condabin:/sbin:/usr/sbin:/usr/local/sbin:/usr/lpp/mmfs/bin:/usr/local/sbin:/usr/local/bin:/usr/sbin:/usr/bin:/sbin:/bin:/usr/games:/usr/local/games:/snap/bin', 'DBUS_SESSION_BUS_ADDRESS': 'unix:path=/run/user/0/bus', 'SSH_TTY': '/dev/pts/5', 'CONDA_PREFIX_1': '/root/miniconda3', 'ROS_DISTRO': 'humble', 'OLDPWD': '/root/bottle', '_': '/root/miniconda3/envs/bottle_python_3_12/bin/python', 'SERVER_NAME': 'localhost', 'GATEWAY_INTERFACE': 'CGI/1.1', 'SERVER_PORT': '8080', 'REMOTE_HOST': '', 'CONTENT_LENGTH': '', 'SCRIPT_NAME': '', 'SERVER_PROTOCOL': 'HTTP/1.1', 'SERVER_SOFTWARE': 'WSGIServer/0.2', 'REQUEST_METHOD': 'GET', 'PATH_INFO': '/hello/lanzhiwang', 'QUERY_STRING': '', 'REMOTE_ADDR': '127.0.0.1', 'CONTENT_TYPE': 'text/plain', 'HTTP_HOST': '127.0.0.1:8080', 'HTTP_USER_AGENT': 'curl/7.81.0', 'HTTP_ACCEPT': '*/*', 'wsgi.input': <_io.BufferedReader name=4>, 'wsgi.errors': <_io.TextIOWrapper name='<stderr>' mode='w' encoding='utf-8'>, 'wsgi.version': (1, 0), 'wsgi.run_once': False, 'wsgi.url_scheme': 'http', 'wsgi.multithread': False, 'wsgi.multiprocess': False, 'wsgi.file_wrapper': <class 'wsgiref.util.FileWrapper'>, 'bottle.raw_path': '/hello/lanzhiwang', 'bottle.app': <bottle.Bottle object at 0x7ff510a3f050>}
./bottle.py _local_property fset value: {'SHELL': '/bin/bash', 'ROS_VERSION': '2', 'CONDA_EXE': '/root/miniconda3/bin/conda', 'ROS_PYTHON_VERSION': '3', 'OLLAMA_MODELS': '/home/zhanghao/edu/ollama/model', 'PWD': '/root/bottle/examples', 'LOGNAME': 'root', 'XDG_SESSION_TYPE': 'tty', 'CONDA_PREFIX': '/root/miniconda3/envs/bottle_python_3_12', 'MOTD_SHOWN': 'pam', 'HOME': '/root', 'LANG': 'C.UTF-8', 'LS_COLORS': 'rs=0:di=01;34:ln=01;36:mh=00:pi=40;33:so=01;35:do=01;35:bd=40;33;01:cd=40;33;01:or=40;31;01:mi=00:su=37;41:sg=30;43:ca=30;41:tw=30;42:ow=34;42:st=37;44:ex=01;32:*.tar=01;31:*.tgz=01;31:*.arc=01;31:*.arj=01;31:*.taz=01;31:*.lha=01;31:*.lz4=01;31:*.lzh=01;31:*.lzma=01;31:*.tlz=01;31:*.txz=01;31:*.tzo=01;31:*.t7z=01;31:*.zip=01;31:*.z=01;31:*.dz=01;31:*.gz=01;31:*.lrz=01;31:*.lz=01;31:*.lzo=01;31:*.xz=01;31:*.zst=01;31:*.tzst=01;31:*.bz2=01;31:*.bz=01;31:*.tbz=01;31:*.tbz2=01;31:*.tz=01;31:*.deb=01;31:*.rpm=01;31:*.jar=01;31:*.war=01;31:*.ear=01;31:*.sar=01;31:*.rar=01;31:*.alz=01;31:*.ace=01;31:*.zoo=01;31:*.cpio=01;31:*.7z=01;31:*.rz=01;31:*.cab=01;31:*.wim=01;31:*.swm=01;31:*.dwm=01;31:*.esd=01;31:*.jpg=01;35:*.jpeg=01;35:*.mjpg=01;35:*.mjpeg=01;35:*.gif=01;35:*.bmp=01;35:*.pbm=01;35:*.pgm=01;35:*.ppm=01;35:*.tga=01;35:*.xbm=01;35:*.xpm=01;35:*.tif=01;35:*.tiff=01;35:*.png=01;35:*.svg=01;35:*.svgz=01;35:*.mng=01;35:*.pcx=01;35:*.mov=01;35:*.mpg=01;35:*.mpeg=01;35:*.m2v=01;35:*.mkv=01;35:*.webm=01;35:*.webp=01;35:*.ogm=01;35:*.mp4=01;35:*.m4v=01;35:*.mp4v=01;35:*.vob=01;35:*.qt=01;35:*.nuv=01;35:*.wmv=01;35:*.asf=01;35:*.rm=01;35:*.rmvb=01;35:*.flc=01;35:*.avi=01;35:*.fli=01;35:*.flv=01;35:*.gl=01;35:*.dl=01;35:*.xcf=01;35:*.xwd=01;35:*.yuv=01;35:*.cgm=01;35:*.emf=01;35:*.ogv=01;35:*.ogx=01;35:*.aac=00;36:*.au=00;36:*.flac=00;36:*.m4a=00;36:*.mid=00;36:*.midi=00;36:*.mka=00;36:*.mp3=00;36:*.mpc=00;36:*.ogg=00;36:*.ra=00;36:*.wav=00;36:*.oga=00;36:*.opus=00;36:*.spx=00;36:*.xspf=00;36:', 'CONDA_PROMPT_MODIFIER': '(bottle_python_3_12) ', 'AMENT_PREFIX_PATH': '/opt/ros/humble', 'LC_TERMINAL': 'iTerm2', 'SSH_CONNECTION': '172.16.67.112 62778 192.168.100.59 22', 'LESSCLOSE': '/usr/bin/lesspipe %s %s', 'XDG_SESSION_CLASS': 'user', 'PYTHONPATH': '/opt/ros/humble/lib/python3.10/site-packages:/opt/ros/humble/local/lib/python3.10/dist-packages', 'TERM': 'xterm-256color', 'LESSOPEN': '| /usr/bin/lesspipe %s', 'USER': 'root', 'CONDA_SHLVL': '2', 'LC_TERMINAL_VERSION': '3.3.7', 'SHLVL': '1', 'XDG_SESSION_ID': '32360', 'CONDA_PYTHON_EXE': '/root/miniconda3/bin/python', 'LD_LIBRARY_PATH': '/opt/ros/humble/opt/rviz_ogre_vendor/lib:/opt/ros/humble/lib/x86_64-linux-gnu:/opt/ros/humble/lib', 'XDG_RUNTIME_DIR': '/run/user/0', 'ROS_LOCALHOST_ONLY': '0', 'SSH_CLIENT': '172.16.67.112 62778 22', 'CONDA_DEFAULT_ENV': 'bottle_python_3_12', 'LC_TIME': 'C.UTF-8', 'XDG_DATA_DIRS': '/usr/local/share:/usr/share:/var/lib/snapd/desktop', 'PATH': '/opt/ros/humble/bin:/root/miniconda3/envs/bottle_python_3_12/bin:/root/miniconda3/condabin:/sbin:/usr/sbin:/usr/local/sbin:/usr/lpp/mmfs/bin:/usr/local/sbin:/usr/local/bin:/usr/sbin:/usr/bin:/sbin:/bin:/usr/games:/usr/local/games:/snap/bin', 'DBUS_SESSION_BUS_ADDRESS': 'unix:path=/run/user/0/bus', 'SSH_TTY': '/dev/pts/5', 'CONDA_PREFIX_1': '/root/miniconda3', 'ROS_DISTRO': 'humble', 'OLDPWD': '/root/bottle', '_': '/root/miniconda3/envs/bottle_python_3_12/bin/python', 'SERVER_NAME': 'localhost', 'GATEWAY_INTERFACE': 'CGI/1.1', 'SERVER_PORT': '8080', 'REMOTE_HOST': '', 'CONTENT_LENGTH': '', 'SCRIPT_NAME': '', 'SERVER_PROTOCOL': 'HTTP/1.1', 'SERVER_SOFTWARE': 'WSGIServer/0.2', 'REQUEST_METHOD': 'GET', 'PATH_INFO': '/hello/lanzhiwang', 'QUERY_STRING': '', 'REMOTE_ADDR': '127.0.0.1', 'CONTENT_TYPE': 'text/plain', 'HTTP_HOST': '127.0.0.1:8080', 'HTTP_USER_AGENT': 'curl/7.81.0', 'HTTP_ACCEPT': '*/*', 'wsgi.input': <_io.BufferedReader name=4>, 'wsgi.errors': <_io.TextIOWrapper name='<stderr>' mode='w' encoding='utf-8'>, 'wsgi.version': (1, 0), 'wsgi.run_once': False, 'wsgi.url_scheme': 'http', 'wsgi.multithread': False, 'wsgi.multiprocess': False, 'wsgi.file_wrapper': <class 'wsgiref.util.FileWrapper'>, 'bottle.raw_path': '/hello/lanzhiwang', 'bottle.app': <bottle.Bottle object at 0x7ff510a3f050>}
./bottle.py BaseResponse __init__ body:
./bottle.py BaseResponse __init__ status: None
./bottle.py BaseResponse __init__ headers: None
./bottle.py BaseResponse __init__ more_headers: {}
./bottle.py _local_property fset value: None
./bottle.py _local_property fset value: {}
./bottle.py _local_property fset value:
./bottle.py BaseResponse _set_status status: 200
./bottle.py _local_property fset value: 200
./bottle.py _local_property fset value: 200 OK
./bottle.py Bottle trigger_hook __name: before_request
./bottle.py Bottle trigger_hook args: ()
./bottle.py Bottle trigger_hook kwargs: {}
./bottle.py Router match environ: {'SHELL': '/bin/bash', 'ROS_VERSION': '2', 'CONDA_EXE': '/root/miniconda3/bin/conda', 'ROS_PYTHON_VERSION': '3', 'OLLAMA_MODELS': '/home/zhanghao/edu/ollama/model', 'PWD': '/root/bottle/examples', 'LOGNAME': 'root', 'XDG_SESSION_TYPE': 'tty', 'CONDA_PREFIX': '/root/miniconda3/envs/bottle_python_3_12', 'MOTD_SHOWN': 'pam', 'HOME': '/root', 'LANG': 'C.UTF-8', 'LS_COLORS': 'rs=0:di=01;34:ln=01;36:mh=00:pi=40;33:so=01;35:do=01;35:bd=40;33;01:cd=40;33;01:or=40;31;01:mi=00:su=37;41:sg=30;43:ca=30;41:tw=30;42:ow=34;42:st=37;44:ex=01;32:*.tar=01;31:*.tgz=01;31:*.arc=01;31:*.arj=01;31:*.taz=01;31:*.lha=01;31:*.lz4=01;31:*.lzh=01;31:*.lzma=01;31:*.tlz=01;31:*.txz=01;31:*.tzo=01;31:*.t7z=01;31:*.zip=01;31:*.z=01;31:*.dz=01;31:*.gz=01;31:*.lrz=01;31:*.lz=01;31:*.lzo=01;31:*.xz=01;31:*.zst=01;31:*.tzst=01;31:*.bz2=01;31:*.bz=01;31:*.tbz=01;31:*.tbz2=01;31:*.tz=01;31:*.deb=01;31:*.rpm=01;31:*.jar=01;31:*.war=01;31:*.ear=01;31:*.sar=01;31:*.rar=01;31:*.alz=01;31:*.ace=01;31:*.zoo=01;31:*.cpio=01;31:*.7z=01;31:*.rz=01;31:*.cab=01;31:*.wim=01;31:*.swm=01;31:*.dwm=01;31:*.esd=01;31:*.jpg=01;35:*.jpeg=01;35:*.mjpg=01;35:*.mjpeg=01;35:*.gif=01;35:*.bmp=01;35:*.pbm=01;35:*.pgm=01;35:*.ppm=01;35:*.tga=01;35:*.xbm=01;35:*.xpm=01;35:*.tif=01;35:*.tiff=01;35:*.png=01;35:*.svg=01;35:*.svgz=01;35:*.mng=01;35:*.pcx=01;35:*.mov=01;35:*.mpg=01;35:*.mpeg=01;35:*.m2v=01;35:*.mkv=01;35:*.webm=01;35:*.webp=01;35:*.ogm=01;35:*.mp4=01;35:*.m4v=01;35:*.mp4v=01;35:*.vob=01;35:*.qt=01;35:*.nuv=01;35:*.wmv=01;35:*.asf=01;35:*.rm=01;35:*.rmvb=01;35:*.flc=01;35:*.avi=01;35:*.fli=01;35:*.flv=01;35:*.gl=01;35:*.dl=01;35:*.xcf=01;35:*.xwd=01;35:*.yuv=01;35:*.cgm=01;35:*.emf=01;35:*.ogv=01;35:*.ogx=01;35:*.aac=00;36:*.au=00;36:*.flac=00;36:*.m4a=00;36:*.mid=00;36:*.midi=00;36:*.mka=00;36:*.mp3=00;36:*.mpc=00;36:*.ogg=00;36:*.ra=00;36:*.wav=00;36:*.oga=00;36:*.opus=00;36:*.spx=00;36:*.xspf=00;36:', 'CONDA_PROMPT_MODIFIER': '(bottle_python_3_12) ', 'AMENT_PREFIX_PATH': '/opt/ros/humble', 'LC_TERMINAL': 'iTerm2', 'SSH_CONNECTION': '172.16.67.112 62778 192.168.100.59 22', 'LESSCLOSE': '/usr/bin/lesspipe %s %s', 'XDG_SESSION_CLASS': 'user', 'PYTHONPATH': '/opt/ros/humble/lib/python3.10/site-packages:/opt/ros/humble/local/lib/python3.10/dist-packages', 'TERM': 'xterm-256color', 'LESSOPEN': '| /usr/bin/lesspipe %s', 'USER': 'root', 'CONDA_SHLVL': '2', 'LC_TERMINAL_VERSION': '3.3.7', 'SHLVL': '1', 'XDG_SESSION_ID': '32360', 'CONDA_PYTHON_EXE': '/root/miniconda3/bin/python', 'LD_LIBRARY_PATH': '/opt/ros/humble/opt/rviz_ogre_vendor/lib:/opt/ros/humble/lib/x86_64-linux-gnu:/opt/ros/humble/lib', 'XDG_RUNTIME_DIR': '/run/user/0', 'ROS_LOCALHOST_ONLY': '0', 'SSH_CLIENT': '172.16.67.112 62778 22', 'CONDA_DEFAULT_ENV': 'bottle_python_3_12', 'LC_TIME': 'C.UTF-8', 'XDG_DATA_DIRS': '/usr/local/share:/usr/share:/var/lib/snapd/desktop', 'PATH': '/opt/ros/humble/bin:/root/miniconda3/envs/bottle_python_3_12/bin:/root/miniconda3/condabin:/sbin:/usr/sbin:/usr/local/sbin:/usr/lpp/mmfs/bin:/usr/local/sbin:/usr/local/bin:/usr/sbin:/usr/bin:/sbin:/bin:/usr/games:/usr/local/games:/snap/bin', 'DBUS_SESSION_BUS_ADDRESS': 'unix:path=/run/user/0/bus', 'SSH_TTY': '/dev/pts/5', 'CONDA_PREFIX_1': '/root/miniconda3', 'ROS_DISTRO': 'humble', 'OLDPWD': '/root/bottle', '_': '/root/miniconda3/envs/bottle_python_3_12/bin/python', 'SERVER_NAME': 'localhost', 'GATEWAY_INTERFACE': 'CGI/1.1', 'SERVER_PORT': '8080', 'REMOTE_HOST': '', 'CONTENT_LENGTH': '', 'SCRIPT_NAME': '', 'SERVER_PROTOCOL': 'HTTP/1.1', 'SERVER_SOFTWARE': 'WSGIServer/0.2', 'REQUEST_METHOD': 'GET', 'PATH_INFO': '/hello/lanzhiwang', 'QUERY_STRING': '', 'REMOTE_ADDR': '127.0.0.1', 'CONTENT_TYPE': 'text/plain', 'HTTP_HOST': '127.0.0.1:8080', 'HTTP_USER_AGENT': 'curl/7.81.0', 'HTTP_ACCEPT': '*/*', 'wsgi.input': <_io.BufferedReader name=4>, 'wsgi.errors': <_io.TextIOWrapper name='<stderr>' mode='w' encoding='utf-8'>, 'wsgi.version': (1, 0), 'wsgi.run_once': False, 'wsgi.url_scheme': 'http', 'wsgi.multithread': False, 'wsgi.multiprocess': False, 'wsgi.file_wrapper': <class 'wsgiref.util.FileWrapper'>, 'bottle.raw_path': '/hello/lanzhiwang', 'bottle.app': <bottle.Bottle object at 0x7ff510a3f050>, 'bottle.request': <LocalRequest: GET http://127.0.0.1:8080/hello/lanzhiwang>, 'bottle.request.urlparts': SplitResult(scheme='http', netloc='127.0.0.1:8080', path='/hello/lanzhiwang', query='', fragment='')}
./bottle.py Bottle trigger_hook __name: after_request
./bottle.py Bottle trigger_hook args: ()
./bottle.py Bottle trigger_hook kwargs: {}
./bottle.py Bottle _cast out: Hello lanzhiwang!
./bottle.py Bottle _cast peek: None
./bottle.py BaseResponse charset default: UTF-8
./bottle.py HeaderProperty __get__ obj: Content-Type: text/html; charset=UTF-8

./bottle.py BaseResponse get_header name: Content-Type
./bottle.py BaseResponse get_header default:
./bottle.py _hkey key: Content-Type
./bottle.py BaseResponse __contains__ name: Content-Length
./bottle.py _hkey key: Content-Length
./bottle.py BaseResponse __setitem__ name: Content-Length
./bottle.py BaseResponse __setitem__ value: 17
./bottle.py _hval value: 17
./bottle.py touni s: 17
./bottle.py touni enc: utf8
./bottle.py touni err: strict
./bottle.py _hkey key: Content-Length
127.0.0.1 - - [12/Dec/2025 16:00:28] "GET /hello/lanzhiwang HTTP/1.1" 200 17

----------------------------------------------------------------------------------------------------------------------------------------------------------------
./bottle.py Bottle __call__ environ: {'SHELL': '/bin/bash', 'ROS_VERSION': '2', 'CONDA_EXE': '/root/miniconda3/bin/conda', 'ROS_PYTHON_VERSION': '3', 'OLLAMA_MODELS': '/home/zhanghao/edu/ollama/model', 'PWD': '/root/bottle/examples', 'LOGNAME': 'root', 'XDG_SESSION_TYPE': 'tty', 'CONDA_PREFIX': '/root/miniconda3/envs/bottle_python_3_12', 'MOTD_SHOWN': 'pam', 'HOME': '/root', 'LANG': 'C.UTF-8', 'LS_COLORS': 'rs=0:di=01;34:ln=01;36:mh=00:pi=40;33:so=01;35:do=01;35:bd=40;33;01:cd=40;33;01:or=40;31;01:mi=00:su=37;41:sg=30;43:ca=30;41:tw=30;42:ow=34;42:st=37;44:ex=01;32:*.tar=01;31:*.tgz=01;31:*.arc=01;31:*.arj=01;31:*.taz=01;31:*.lha=01;31:*.lz4=01;31:*.lzh=01;31:*.lzma=01;31:*.tlz=01;31:*.txz=01;31:*.tzo=01;31:*.t7z=01;31:*.zip=01;31:*.z=01;31:*.dz=01;31:*.gz=01;31:*.lrz=01;31:*.lz=01;31:*.lzo=01;31:*.xz=01;31:*.zst=01;31:*.tzst=01;31:*.bz2=01;31:*.bz=01;31:*.tbz=01;31:*.tbz2=01;31:*.tz=01;31:*.deb=01;31:*.rpm=01;31:*.jar=01;31:*.war=01;31:*.ear=01;31:*.sar=01;31:*.rar=01;31:*.alz=01;31:*.ace=01;31:*.zoo=01;31:*.cpio=01;31:*.7z=01;31:*.rz=01;31:*.cab=01;31:*.wim=01;31:*.swm=01;31:*.dwm=01;31:*.esd=01;31:*.jpg=01;35:*.jpeg=01;35:*.mjpg=01;35:*.mjpeg=01;35:*.gif=01;35:*.bmp=01;35:*.pbm=01;35:*.pgm=01;35:*.ppm=01;35:*.tga=01;35:*.xbm=01;35:*.xpm=01;35:*.tif=01;35:*.tiff=01;35:*.png=01;35:*.svg=01;35:*.svgz=01;35:*.mng=01;35:*.pcx=01;35:*.mov=01;35:*.mpg=01;35:*.mpeg=01;35:*.m2v=01;35:*.mkv=01;35:*.webm=01;35:*.webp=01;35:*.ogm=01;35:*.mp4=01;35:*.m4v=01;35:*.mp4v=01;35:*.vob=01;35:*.qt=01;35:*.nuv=01;35:*.wmv=01;35:*.asf=01;35:*.rm=01;35:*.rmvb=01;35:*.flc=01;35:*.avi=01;35:*.fli=01;35:*.flv=01;35:*.gl=01;35:*.dl=01;35:*.xcf=01;35:*.xwd=01;35:*.yuv=01;35:*.cgm=01;35:*.emf=01;35:*.ogv=01;35:*.ogx=01;35:*.aac=00;36:*.au=00;36:*.flac=00;36:*.m4a=00;36:*.mid=00;36:*.midi=00;36:*.mka=00;36:*.mp3=00;36:*.mpc=00;36:*.ogg=00;36:*.ra=00;36:*.wav=00;36:*.oga=00;36:*.opus=00;36:*.spx=00;36:*.xspf=00;36:', 'CONDA_PROMPT_MODIFIER': '(bottle_python_3_12) ', 'AMENT_PREFIX_PATH': '/opt/ros/humble', 'LC_TERMINAL': 'iTerm2', 'SSH_CONNECTION': '172.16.67.112 62778 192.168.100.59 22', 'LESSCLOSE': '/usr/bin/lesspipe %s %s', 'XDG_SESSION_CLASS': 'user', 'PYTHONPATH': '/opt/ros/humble/lib/python3.10/site-packages:/opt/ros/humble/local/lib/python3.10/dist-packages', 'TERM': 'xterm-256color', 'LESSOPEN': '| /usr/bin/lesspipe %s', 'USER': 'root', 'CONDA_SHLVL': '2', 'LC_TERMINAL_VERSION': '3.3.7', 'SHLVL': '1', 'XDG_SESSION_ID': '32360', 'CONDA_PYTHON_EXE': '/root/miniconda3/bin/python', 'LD_LIBRARY_PATH': '/opt/ros/humble/opt/rviz_ogre_vendor/lib:/opt/ros/humble/lib/x86_64-linux-gnu:/opt/ros/humble/lib', 'XDG_RUNTIME_DIR': '/run/user/0', 'ROS_LOCALHOST_ONLY': '0', 'SSH_CLIENT': '172.16.67.112 62778 22', 'CONDA_DEFAULT_ENV': 'bottle_python_3_12', 'LC_TIME': 'C.UTF-8', 'XDG_DATA_DIRS': '/usr/local/share:/usr/share:/var/lib/snapd/desktop', 'PATH': '/opt/ros/humble/bin:/root/miniconda3/envs/bottle_python_3_12/bin:/root/miniconda3/condabin:/sbin:/usr/sbin:/usr/local/sbin:/usr/lpp/mmfs/bin:/usr/local/sbin:/usr/local/bin:/usr/sbin:/usr/bin:/sbin:/bin:/usr/games:/usr/local/games:/snap/bin', 'DBUS_SESSION_BUS_ADDRESS': 'unix:path=/run/user/0/bus', 'SSH_TTY': '/dev/pts/5', 'CONDA_PREFIX_1': '/root/miniconda3', 'ROS_DISTRO': 'humble', 'OLDPWD': '/root/bottle', '_': '/root/miniconda3/envs/bottle_python_3_12/bin/python', 'SERVER_NAME': 'localhost', 'GATEWAY_INTERFACE': 'CGI/1.1', 'SERVER_PORT': '8080', 'REMOTE_HOST': '', 'CONTENT_LENGTH': '', 'SCRIPT_NAME': '', 'SERVER_PROTOCOL': 'HTTP/1.1', 'SERVER_SOFTWARE': 'WSGIServer/0.2', 'REQUEST_METHOD': 'GET', 'PATH_INFO': '/private', 'QUERY_STRING': '', 'REMOTE_ADDR': '127.0.0.1', 'CONTENT_TYPE': 'text/plain', 'HTTP_HOST': '127.0.0.1:8080', 'HTTP_USER_AGENT': 'curl/7.81.0', 'HTTP_ACCEPT': '*/*', 'wsgi.input': <_io.BufferedReader name=4>, 'wsgi.errors': <_io.TextIOWrapper name='<stderr>' mode='w' encoding='utf-8'>, 'wsgi.version': (1, 0), 'wsgi.run_once': False, 'wsgi.url_scheme': 'http', 'wsgi.multithread': False, 'wsgi.multiprocess': False, 'wsgi.file_wrapper': <class 'wsgiref.util.FileWrapper'>}
./bottle.py Bottle __call__ start_response: <bound method BaseHandler.start_response of <wsgiref.simple_server.ServerHandler object at 0x7ff510754410>>
./bottle.py Bottle wsgi environ: {'SHELL': '/bin/bash', 'ROS_VERSION': '2', 'CONDA_EXE': '/root/miniconda3/bin/conda', 'ROS_PYTHON_VERSION': '3', 'OLLAMA_MODELS': '/home/zhanghao/edu/ollama/model', 'PWD': '/root/bottle/examples', 'LOGNAME': 'root', 'XDG_SESSION_TYPE': 'tty', 'CONDA_PREFIX': '/root/miniconda3/envs/bottle_python_3_12', 'MOTD_SHOWN': 'pam', 'HOME': '/root', 'LANG': 'C.UTF-8', 'LS_COLORS': 'rs=0:di=01;34:ln=01;36:mh=00:pi=40;33:so=01;35:do=01;35:bd=40;33;01:cd=40;33;01:or=40;31;01:mi=00:su=37;41:sg=30;43:ca=30;41:tw=30;42:ow=34;42:st=37;44:ex=01;32:*.tar=01;31:*.tgz=01;31:*.arc=01;31:*.arj=01;31:*.taz=01;31:*.lha=01;31:*.lz4=01;31:*.lzh=01;31:*.lzma=01;31:*.tlz=01;31:*.txz=01;31:*.tzo=01;31:*.t7z=01;31:*.zip=01;31:*.z=01;31:*.dz=01;31:*.gz=01;31:*.lrz=01;31:*.lz=01;31:*.lzo=01;31:*.xz=01;31:*.zst=01;31:*.tzst=01;31:*.bz2=01;31:*.bz=01;31:*.tbz=01;31:*.tbz2=01;31:*.tz=01;31:*.deb=01;31:*.rpm=01;31:*.jar=01;31:*.war=01;31:*.ear=01;31:*.sar=01;31:*.rar=01;31:*.alz=01;31:*.ace=01;31:*.zoo=01;31:*.cpio=01;31:*.7z=01;31:*.rz=01;31:*.cab=01;31:*.wim=01;31:*.swm=01;31:*.dwm=01;31:*.esd=01;31:*.jpg=01;35:*.jpeg=01;35:*.mjpg=01;35:*.mjpeg=01;35:*.gif=01;35:*.bmp=01;35:*.pbm=01;35:*.pgm=01;35:*.ppm=01;35:*.tga=01;35:*.xbm=01;35:*.xpm=01;35:*.tif=01;35:*.tiff=01;35:*.png=01;35:*.svg=01;35:*.svgz=01;35:*.mng=01;35:*.pcx=01;35:*.mov=01;35:*.mpg=01;35:*.mpeg=01;35:*.m2v=01;35:*.mkv=01;35:*.webm=01;35:*.webp=01;35:*.ogm=01;35:*.mp4=01;35:*.m4v=01;35:*.mp4v=01;35:*.vob=01;35:*.qt=01;35:*.nuv=01;35:*.wmv=01;35:*.asf=01;35:*.rm=01;35:*.rmvb=01;35:*.flc=01;35:*.avi=01;35:*.fli=01;35:*.flv=01;35:*.gl=01;35:*.dl=01;35:*.xcf=01;35:*.xwd=01;35:*.yuv=01;35:*.cgm=01;35:*.emf=01;35:*.ogv=01;35:*.ogx=01;35:*.aac=00;36:*.au=00;36:*.flac=00;36:*.m4a=00;36:*.mid=00;36:*.midi=00;36:*.mka=00;36:*.mp3=00;36:*.mpc=00;36:*.ogg=00;36:*.ra=00;36:*.wav=00;36:*.oga=00;36:*.opus=00;36:*.spx=00;36:*.xspf=00;36:', 'CONDA_PROMPT_MODIFIER': '(bottle_python_3_12) ', 'AMENT_PREFIX_PATH': '/opt/ros/humble', 'LC_TERMINAL': 'iTerm2', 'SSH_CONNECTION': '172.16.67.112 62778 192.168.100.59 22', 'LESSCLOSE': '/usr/bin/lesspipe %s %s', 'XDG_SESSION_CLASS': 'user', 'PYTHONPATH': '/opt/ros/humble/lib/python3.10/site-packages:/opt/ros/humble/local/lib/python3.10/dist-packages', 'TERM': 'xterm-256color', 'LESSOPEN': '| /usr/bin/lesspipe %s', 'USER': 'root', 'CONDA_SHLVL': '2', 'LC_TERMINAL_VERSION': '3.3.7', 'SHLVL': '1', 'XDG_SESSION_ID': '32360', 'CONDA_PYTHON_EXE': '/root/miniconda3/bin/python', 'LD_LIBRARY_PATH': '/opt/ros/humble/opt/rviz_ogre_vendor/lib:/opt/ros/humble/lib/x86_64-linux-gnu:/opt/ros/humble/lib', 'XDG_RUNTIME_DIR': '/run/user/0', 'ROS_LOCALHOST_ONLY': '0', 'SSH_CLIENT': '172.16.67.112 62778 22', 'CONDA_DEFAULT_ENV': 'bottle_python_3_12', 'LC_TIME': 'C.UTF-8', 'XDG_DATA_DIRS': '/usr/local/share:/usr/share:/var/lib/snapd/desktop', 'PATH': '/opt/ros/humble/bin:/root/miniconda3/envs/bottle_python_3_12/bin:/root/miniconda3/condabin:/sbin:/usr/sbin:/usr/local/sbin:/usr/lpp/mmfs/bin:/usr/local/sbin:/usr/local/bin:/usr/sbin:/usr/bin:/sbin:/bin:/usr/games:/usr/local/games:/snap/bin', 'DBUS_SESSION_BUS_ADDRESS': 'unix:path=/run/user/0/bus', 'SSH_TTY': '/dev/pts/5', 'CONDA_PREFIX_1': '/root/miniconda3', 'ROS_DISTRO': 'humble', 'OLDPWD': '/root/bottle', '_': '/root/miniconda3/envs/bottle_python_3_12/bin/python', 'SERVER_NAME': 'localhost', 'GATEWAY_INTERFACE': 'CGI/1.1', 'SERVER_PORT': '8080', 'REMOTE_HOST': '', 'CONTENT_LENGTH': '', 'SCRIPT_NAME': '', 'SERVER_PROTOCOL': 'HTTP/1.1', 'SERVER_SOFTWARE': 'WSGIServer/0.2', 'REQUEST_METHOD': 'GET', 'PATH_INFO': '/private', 'QUERY_STRING': '', 'REMOTE_ADDR': '127.0.0.1', 'CONTENT_TYPE': 'text/plain', 'HTTP_HOST': '127.0.0.1:8080', 'HTTP_USER_AGENT': 'curl/7.81.0', 'HTTP_ACCEPT': '*/*', 'wsgi.input': <_io.BufferedReader name=4>, 'wsgi.errors': <_io.TextIOWrapper name='<stderr>' mode='w' encoding='utf-8'>, 'wsgi.version': (1, 0), 'wsgi.run_once': False, 'wsgi.url_scheme': 'http', 'wsgi.multithread': False, 'wsgi.multiprocess': False, 'wsgi.file_wrapper': <class 'wsgiref.util.FileWrapper'>}
./bottle.py Bottle wsgi start_response: <bound method BaseHandler.start_response of <wsgiref.simple_server.ServerHandler object at 0x7ff510754410>>
./bottle.py Bottle _handle environ: {'SHELL': '/bin/bash', 'ROS_VERSION': '2', 'CONDA_EXE': '/root/miniconda3/bin/conda', 'ROS_PYTHON_VERSION': '3', 'OLLAMA_MODELS': '/home/zhanghao/edu/ollama/model', 'PWD': '/root/bottle/examples', 'LOGNAME': 'root', 'XDG_SESSION_TYPE': 'tty', 'CONDA_PREFIX': '/root/miniconda3/envs/bottle_python_3_12', 'MOTD_SHOWN': 'pam', 'HOME': '/root', 'LANG': 'C.UTF-8', 'LS_COLORS': 'rs=0:di=01;34:ln=01;36:mh=00:pi=40;33:so=01;35:do=01;35:bd=40;33;01:cd=40;33;01:or=40;31;01:mi=00:su=37;41:sg=30;43:ca=30;41:tw=30;42:ow=34;42:st=37;44:ex=01;32:*.tar=01;31:*.tgz=01;31:*.arc=01;31:*.arj=01;31:*.taz=01;31:*.lha=01;31:*.lz4=01;31:*.lzh=01;31:*.lzma=01;31:*.tlz=01;31:*.txz=01;31:*.tzo=01;31:*.t7z=01;31:*.zip=01;31:*.z=01;31:*.dz=01;31:*.gz=01;31:*.lrz=01;31:*.lz=01;31:*.lzo=01;31:*.xz=01;31:*.zst=01;31:*.tzst=01;31:*.bz2=01;31:*.bz=01;31:*.tbz=01;31:*.tbz2=01;31:*.tz=01;31:*.deb=01;31:*.rpm=01;31:*.jar=01;31:*.war=01;31:*.ear=01;31:*.sar=01;31:*.rar=01;31:*.alz=01;31:*.ace=01;31:*.zoo=01;31:*.cpio=01;31:*.7z=01;31:*.rz=01;31:*.cab=01;31:*.wim=01;31:*.swm=01;31:*.dwm=01;31:*.esd=01;31:*.jpg=01;35:*.jpeg=01;35:*.mjpg=01;35:*.mjpeg=01;35:*.gif=01;35:*.bmp=01;35:*.pbm=01;35:*.pgm=01;35:*.ppm=01;35:*.tga=01;35:*.xbm=01;35:*.xpm=01;35:*.tif=01;35:*.tiff=01;35:*.png=01;35:*.svg=01;35:*.svgz=01;35:*.mng=01;35:*.pcx=01;35:*.mov=01;35:*.mpg=01;35:*.mpeg=01;35:*.m2v=01;35:*.mkv=01;35:*.webm=01;35:*.webp=01;35:*.ogm=01;35:*.mp4=01;35:*.m4v=01;35:*.mp4v=01;35:*.vob=01;35:*.qt=01;35:*.nuv=01;35:*.wmv=01;35:*.asf=01;35:*.rm=01;35:*.rmvb=01;35:*.flc=01;35:*.avi=01;35:*.fli=01;35:*.flv=01;35:*.gl=01;35:*.dl=01;35:*.xcf=01;35:*.xwd=01;35:*.yuv=01;35:*.cgm=01;35:*.emf=01;35:*.ogv=01;35:*.ogx=01;35:*.aac=00;36:*.au=00;36:*.flac=00;36:*.m4a=00;36:*.mid=00;36:*.midi=00;36:*.mka=00;36:*.mp3=00;36:*.mpc=00;36:*.ogg=00;36:*.ra=00;36:*.wav=00;36:*.oga=00;36:*.opus=00;36:*.spx=00;36:*.xspf=00;36:', 'CONDA_PROMPT_MODIFIER': '(bottle_python_3_12) ', 'AMENT_PREFIX_PATH': '/opt/ros/humble', 'LC_TERMINAL': 'iTerm2', 'SSH_CONNECTION': '172.16.67.112 62778 192.168.100.59 22', 'LESSCLOSE': '/usr/bin/lesspipe %s %s', 'XDG_SESSION_CLASS': 'user', 'PYTHONPATH': '/opt/ros/humble/lib/python3.10/site-packages:/opt/ros/humble/local/lib/python3.10/dist-packages', 'TERM': 'xterm-256color', 'LESSOPEN': '| /usr/bin/lesspipe %s', 'USER': 'root', 'CONDA_SHLVL': '2', 'LC_TERMINAL_VERSION': '3.3.7', 'SHLVL': '1', 'XDG_SESSION_ID': '32360', 'CONDA_PYTHON_EXE': '/root/miniconda3/bin/python', 'LD_LIBRARY_PATH': '/opt/ros/humble/opt/rviz_ogre_vendor/lib:/opt/ros/humble/lib/x86_64-linux-gnu:/opt/ros/humble/lib', 'XDG_RUNTIME_DIR': '/run/user/0', 'ROS_LOCALHOST_ONLY': '0', 'SSH_CLIENT': '172.16.67.112 62778 22', 'CONDA_DEFAULT_ENV': 'bottle_python_3_12', 'LC_TIME': 'C.UTF-8', 'XDG_DATA_DIRS': '/usr/local/share:/usr/share:/var/lib/snapd/desktop', 'PATH': '/opt/ros/humble/bin:/root/miniconda3/envs/bottle_python_3_12/bin:/root/miniconda3/condabin:/sbin:/usr/sbin:/usr/local/sbin:/usr/lpp/mmfs/bin:/usr/local/sbin:/usr/local/bin:/usr/sbin:/usr/bin:/sbin:/bin:/usr/games:/usr/local/games:/snap/bin', 'DBUS_SESSION_BUS_ADDRESS': 'unix:path=/run/user/0/bus', 'SSH_TTY': '/dev/pts/5', 'CONDA_PREFIX_1': '/root/miniconda3', 'ROS_DISTRO': 'humble', 'OLDPWD': '/root/bottle', '_': '/root/miniconda3/envs/bottle_python_3_12/bin/python', 'SERVER_NAME': 'localhost', 'GATEWAY_INTERFACE': 'CGI/1.1', 'SERVER_PORT': '8080', 'REMOTE_HOST': '', 'CONTENT_LENGTH': '', 'SCRIPT_NAME': '', 'SERVER_PROTOCOL': 'HTTP/1.1', 'SERVER_SOFTWARE': 'WSGIServer/0.2', 'REQUEST_METHOD': 'GET', 'PATH_INFO': '/private', 'QUERY_STRING': '', 'REMOTE_ADDR': '127.0.0.1', 'CONTENT_TYPE': 'text/plain', 'HTTP_HOST': '127.0.0.1:8080', 'HTTP_USER_AGENT': 'curl/7.81.0', 'HTTP_ACCEPT': '*/*', 'wsgi.input': <_io.BufferedReader name=4>, 'wsgi.errors': <_io.TextIOWrapper name='<stderr>' mode='w' encoding='utf-8'>, 'wsgi.version': (1, 0), 'wsgi.run_once': False, 'wsgi.url_scheme': 'http', 'wsgi.multithread': False, 'wsgi.multiprocess': False, 'wsgi.file_wrapper': <class 'wsgiref.util.FileWrapper'>}
./bottle.py BaseRequest __init__ environ: {'SHELL': '/bin/bash', 'ROS_VERSION': '2', 'CONDA_EXE': '/root/miniconda3/bin/conda', 'ROS_PYTHON_VERSION': '3', 'OLLAMA_MODELS': '/home/zhanghao/edu/ollama/model', 'PWD': '/root/bottle/examples', 'LOGNAME': 'root', 'XDG_SESSION_TYPE': 'tty', 'CONDA_PREFIX': '/root/miniconda3/envs/bottle_python_3_12', 'MOTD_SHOWN': 'pam', 'HOME': '/root', 'LANG': 'C.UTF-8', 'LS_COLORS': 'rs=0:di=01;34:ln=01;36:mh=00:pi=40;33:so=01;35:do=01;35:bd=40;33;01:cd=40;33;01:or=40;31;01:mi=00:su=37;41:sg=30;43:ca=30;41:tw=30;42:ow=34;42:st=37;44:ex=01;32:*.tar=01;31:*.tgz=01;31:*.arc=01;31:*.arj=01;31:*.taz=01;31:*.lha=01;31:*.lz4=01;31:*.lzh=01;31:*.lzma=01;31:*.tlz=01;31:*.txz=01;31:*.tzo=01;31:*.t7z=01;31:*.zip=01;31:*.z=01;31:*.dz=01;31:*.gz=01;31:*.lrz=01;31:*.lz=01;31:*.lzo=01;31:*.xz=01;31:*.zst=01;31:*.tzst=01;31:*.bz2=01;31:*.bz=01;31:*.tbz=01;31:*.tbz2=01;31:*.tz=01;31:*.deb=01;31:*.rpm=01;31:*.jar=01;31:*.war=01;31:*.ear=01;31:*.sar=01;31:*.rar=01;31:*.alz=01;31:*.ace=01;31:*.zoo=01;31:*.cpio=01;31:*.7z=01;31:*.rz=01;31:*.cab=01;31:*.wim=01;31:*.swm=01;31:*.dwm=01;31:*.esd=01;31:*.jpg=01;35:*.jpeg=01;35:*.mjpg=01;35:*.mjpeg=01;35:*.gif=01;35:*.bmp=01;35:*.pbm=01;35:*.pgm=01;35:*.ppm=01;35:*.tga=01;35:*.xbm=01;35:*.xpm=01;35:*.tif=01;35:*.tiff=01;35:*.png=01;35:*.svg=01;35:*.svgz=01;35:*.mng=01;35:*.pcx=01;35:*.mov=01;35:*.mpg=01;35:*.mpeg=01;35:*.m2v=01;35:*.mkv=01;35:*.webm=01;35:*.webp=01;35:*.ogm=01;35:*.mp4=01;35:*.m4v=01;35:*.mp4v=01;35:*.vob=01;35:*.qt=01;35:*.nuv=01;35:*.wmv=01;35:*.asf=01;35:*.rm=01;35:*.rmvb=01;35:*.flc=01;35:*.avi=01;35:*.fli=01;35:*.flv=01;35:*.gl=01;35:*.dl=01;35:*.xcf=01;35:*.xwd=01;35:*.yuv=01;35:*.cgm=01;35:*.emf=01;35:*.ogv=01;35:*.ogx=01;35:*.aac=00;36:*.au=00;36:*.flac=00;36:*.m4a=00;36:*.mid=00;36:*.midi=00;36:*.mka=00;36:*.mp3=00;36:*.mpc=00;36:*.ogg=00;36:*.ra=00;36:*.wav=00;36:*.oga=00;36:*.opus=00;36:*.spx=00;36:*.xspf=00;36:', 'CONDA_PROMPT_MODIFIER': '(bottle_python_3_12) ', 'AMENT_PREFIX_PATH': '/opt/ros/humble', 'LC_TERMINAL': 'iTerm2', 'SSH_CONNECTION': '172.16.67.112 62778 192.168.100.59 22', 'LESSCLOSE': '/usr/bin/lesspipe %s %s', 'XDG_SESSION_CLASS': 'user', 'PYTHONPATH': '/opt/ros/humble/lib/python3.10/site-packages:/opt/ros/humble/local/lib/python3.10/dist-packages', 'TERM': 'xterm-256color', 'LESSOPEN': '| /usr/bin/lesspipe %s', 'USER': 'root', 'CONDA_SHLVL': '2', 'LC_TERMINAL_VERSION': '3.3.7', 'SHLVL': '1', 'XDG_SESSION_ID': '32360', 'CONDA_PYTHON_EXE': '/root/miniconda3/bin/python', 'LD_LIBRARY_PATH': '/opt/ros/humble/opt/rviz_ogre_vendor/lib:/opt/ros/humble/lib/x86_64-linux-gnu:/opt/ros/humble/lib', 'XDG_RUNTIME_DIR': '/run/user/0', 'ROS_LOCALHOST_ONLY': '0', 'SSH_CLIENT': '172.16.67.112 62778 22', 'CONDA_DEFAULT_ENV': 'bottle_python_3_12', 'LC_TIME': 'C.UTF-8', 'XDG_DATA_DIRS': '/usr/local/share:/usr/share:/var/lib/snapd/desktop', 'PATH': '/opt/ros/humble/bin:/root/miniconda3/envs/bottle_python_3_12/bin:/root/miniconda3/condabin:/sbin:/usr/sbin:/usr/local/sbin:/usr/lpp/mmfs/bin:/usr/local/sbin:/usr/local/bin:/usr/sbin:/usr/bin:/sbin:/bin:/usr/games:/usr/local/games:/snap/bin', 'DBUS_SESSION_BUS_ADDRESS': 'unix:path=/run/user/0/bus', 'SSH_TTY': '/dev/pts/5', 'CONDA_PREFIX_1': '/root/miniconda3', 'ROS_DISTRO': 'humble', 'OLDPWD': '/root/bottle', '_': '/root/miniconda3/envs/bottle_python_3_12/bin/python', 'SERVER_NAME': 'localhost', 'GATEWAY_INTERFACE': 'CGI/1.1', 'SERVER_PORT': '8080', 'REMOTE_HOST': '', 'CONTENT_LENGTH': '', 'SCRIPT_NAME': '', 'SERVER_PROTOCOL': 'HTTP/1.1', 'SERVER_SOFTWARE': 'WSGIServer/0.2', 'REQUEST_METHOD': 'GET', 'PATH_INFO': '/private', 'QUERY_STRING': '', 'REMOTE_ADDR': '127.0.0.1', 'CONTENT_TYPE': 'text/plain', 'HTTP_HOST': '127.0.0.1:8080', 'HTTP_USER_AGENT': 'curl/7.81.0', 'HTTP_ACCEPT': '*/*', 'wsgi.input': <_io.BufferedReader name=4>, 'wsgi.errors': <_io.TextIOWrapper name='<stderr>' mode='w' encoding='utf-8'>, 'wsgi.version': (1, 0), 'wsgi.run_once': False, 'wsgi.url_scheme': 'http', 'wsgi.multithread': False, 'wsgi.multiprocess': False, 'wsgi.file_wrapper': <class 'wsgiref.util.FileWrapper'>, 'bottle.raw_path': '/private', 'bottle.app': <bottle.Bottle object at 0x7ff510a3f050>}
./bottle.py BaseRequest __setattr__ name: environ
./bottle.py BaseRequest __setattr__ value: {'SHELL': '/bin/bash', 'ROS_VERSION': '2', 'CONDA_EXE': '/root/miniconda3/bin/conda', 'ROS_PYTHON_VERSION': '3', 'OLLAMA_MODELS': '/home/zhanghao/edu/ollama/model', 'PWD': '/root/bottle/examples', 'LOGNAME': 'root', 'XDG_SESSION_TYPE': 'tty', 'CONDA_PREFIX': '/root/miniconda3/envs/bottle_python_3_12', 'MOTD_SHOWN': 'pam', 'HOME': '/root', 'LANG': 'C.UTF-8', 'LS_COLORS': 'rs=0:di=01;34:ln=01;36:mh=00:pi=40;33:so=01;35:do=01;35:bd=40;33;01:cd=40;33;01:or=40;31;01:mi=00:su=37;41:sg=30;43:ca=30;41:tw=30;42:ow=34;42:st=37;44:ex=01;32:*.tar=01;31:*.tgz=01;31:*.arc=01;31:*.arj=01;31:*.taz=01;31:*.lha=01;31:*.lz4=01;31:*.lzh=01;31:*.lzma=01;31:*.tlz=01;31:*.txz=01;31:*.tzo=01;31:*.t7z=01;31:*.zip=01;31:*.z=01;31:*.dz=01;31:*.gz=01;31:*.lrz=01;31:*.lz=01;31:*.lzo=01;31:*.xz=01;31:*.zst=01;31:*.tzst=01;31:*.bz2=01;31:*.bz=01;31:*.tbz=01;31:*.tbz2=01;31:*.tz=01;31:*.deb=01;31:*.rpm=01;31:*.jar=01;31:*.war=01;31:*.ear=01;31:*.sar=01;31:*.rar=01;31:*.alz=01;31:*.ace=01;31:*.zoo=01;31:*.cpio=01;31:*.7z=01;31:*.rz=01;31:*.cab=01;31:*.wim=01;31:*.swm=01;31:*.dwm=01;31:*.esd=01;31:*.jpg=01;35:*.jpeg=01;35:*.mjpg=01;35:*.mjpeg=01;35:*.gif=01;35:*.bmp=01;35:*.pbm=01;35:*.pgm=01;35:*.ppm=01;35:*.tga=01;35:*.xbm=01;35:*.xpm=01;35:*.tif=01;35:*.tiff=01;35:*.png=01;35:*.svg=01;35:*.svgz=01;35:*.mng=01;35:*.pcx=01;35:*.mov=01;35:*.mpg=01;35:*.mpeg=01;35:*.m2v=01;35:*.mkv=01;35:*.webm=01;35:*.webp=01;35:*.ogm=01;35:*.mp4=01;35:*.m4v=01;35:*.mp4v=01;35:*.vob=01;35:*.qt=01;35:*.nuv=01;35:*.wmv=01;35:*.asf=01;35:*.rm=01;35:*.rmvb=01;35:*.flc=01;35:*.avi=01;35:*.fli=01;35:*.flv=01;35:*.gl=01;35:*.dl=01;35:*.xcf=01;35:*.xwd=01;35:*.yuv=01;35:*.cgm=01;35:*.emf=01;35:*.ogv=01;35:*.ogx=01;35:*.aac=00;36:*.au=00;36:*.flac=00;36:*.m4a=00;36:*.mid=00;36:*.midi=00;36:*.mka=00;36:*.mp3=00;36:*.mpc=00;36:*.ogg=00;36:*.ra=00;36:*.wav=00;36:*.oga=00;36:*.opus=00;36:*.spx=00;36:*.xspf=00;36:', 'CONDA_PROMPT_MODIFIER': '(bottle_python_3_12) ', 'AMENT_PREFIX_PATH': '/opt/ros/humble', 'LC_TERMINAL': 'iTerm2', 'SSH_CONNECTION': '172.16.67.112 62778 192.168.100.59 22', 'LESSCLOSE': '/usr/bin/lesspipe %s %s', 'XDG_SESSION_CLASS': 'user', 'PYTHONPATH': '/opt/ros/humble/lib/python3.10/site-packages:/opt/ros/humble/local/lib/python3.10/dist-packages', 'TERM': 'xterm-256color', 'LESSOPEN': '| /usr/bin/lesspipe %s', 'USER': 'root', 'CONDA_SHLVL': '2', 'LC_TERMINAL_VERSION': '3.3.7', 'SHLVL': '1', 'XDG_SESSION_ID': '32360', 'CONDA_PYTHON_EXE': '/root/miniconda3/bin/python', 'LD_LIBRARY_PATH': '/opt/ros/humble/opt/rviz_ogre_vendor/lib:/opt/ros/humble/lib/x86_64-linux-gnu:/opt/ros/humble/lib', 'XDG_RUNTIME_DIR': '/run/user/0', 'ROS_LOCALHOST_ONLY': '0', 'SSH_CLIENT': '172.16.67.112 62778 22', 'CONDA_DEFAULT_ENV': 'bottle_python_3_12', 'LC_TIME': 'C.UTF-8', 'XDG_DATA_DIRS': '/usr/local/share:/usr/share:/var/lib/snapd/desktop', 'PATH': '/opt/ros/humble/bin:/root/miniconda3/envs/bottle_python_3_12/bin:/root/miniconda3/condabin:/sbin:/usr/sbin:/usr/local/sbin:/usr/lpp/mmfs/bin:/usr/local/sbin:/usr/local/bin:/usr/sbin:/usr/bin:/sbin:/bin:/usr/games:/usr/local/games:/snap/bin', 'DBUS_SESSION_BUS_ADDRESS': 'unix:path=/run/user/0/bus', 'SSH_TTY': '/dev/pts/5', 'CONDA_PREFIX_1': '/root/miniconda3', 'ROS_DISTRO': 'humble', 'OLDPWD': '/root/bottle', '_': '/root/miniconda3/envs/bottle_python_3_12/bin/python', 'SERVER_NAME': 'localhost', 'GATEWAY_INTERFACE': 'CGI/1.1', 'SERVER_PORT': '8080', 'REMOTE_HOST': '', 'CONTENT_LENGTH': '', 'SCRIPT_NAME': '', 'SERVER_PROTOCOL': 'HTTP/1.1', 'SERVER_SOFTWARE': 'WSGIServer/0.2', 'REQUEST_METHOD': 'GET', 'PATH_INFO': '/private', 'QUERY_STRING': '', 'REMOTE_ADDR': '127.0.0.1', 'CONTENT_TYPE': 'text/plain', 'HTTP_HOST': '127.0.0.1:8080', 'HTTP_USER_AGENT': 'curl/7.81.0', 'HTTP_ACCEPT': '*/*', 'wsgi.input': <_io.BufferedReader name=4>, 'wsgi.errors': <_io.TextIOWrapper name='<stderr>' mode='w' encoding='utf-8'>, 'wsgi.version': (1, 0), 'wsgi.run_once': False, 'wsgi.url_scheme': 'http', 'wsgi.multithread': False, 'wsgi.multiprocess': False, 'wsgi.file_wrapper': <class 'wsgiref.util.FileWrapper'>, 'bottle.raw_path': '/private', 'bottle.app': <bottle.Bottle object at 0x7ff510a3f050>}
./bottle.py _local_property fset value: {'SHELL': '/bin/bash', 'ROS_VERSION': '2', 'CONDA_EXE': '/root/miniconda3/bin/conda', 'ROS_PYTHON_VERSION': '3', 'OLLAMA_MODELS': '/home/zhanghao/edu/ollama/model', 'PWD': '/root/bottle/examples', 'LOGNAME': 'root', 'XDG_SESSION_TYPE': 'tty', 'CONDA_PREFIX': '/root/miniconda3/envs/bottle_python_3_12', 'MOTD_SHOWN': 'pam', 'HOME': '/root', 'LANG': 'C.UTF-8', 'LS_COLORS': 'rs=0:di=01;34:ln=01;36:mh=00:pi=40;33:so=01;35:do=01;35:bd=40;33;01:cd=40;33;01:or=40;31;01:mi=00:su=37;41:sg=30;43:ca=30;41:tw=30;42:ow=34;42:st=37;44:ex=01;32:*.tar=01;31:*.tgz=01;31:*.arc=01;31:*.arj=01;31:*.taz=01;31:*.lha=01;31:*.lz4=01;31:*.lzh=01;31:*.lzma=01;31:*.tlz=01;31:*.txz=01;31:*.tzo=01;31:*.t7z=01;31:*.zip=01;31:*.z=01;31:*.dz=01;31:*.gz=01;31:*.lrz=01;31:*.lz=01;31:*.lzo=01;31:*.xz=01;31:*.zst=01;31:*.tzst=01;31:*.bz2=01;31:*.bz=01;31:*.tbz=01;31:*.tbz2=01;31:*.tz=01;31:*.deb=01;31:*.rpm=01;31:*.jar=01;31:*.war=01;31:*.ear=01;31:*.sar=01;31:*.rar=01;31:*.alz=01;31:*.ace=01;31:*.zoo=01;31:*.cpio=01;31:*.7z=01;31:*.rz=01;31:*.cab=01;31:*.wim=01;31:*.swm=01;31:*.dwm=01;31:*.esd=01;31:*.jpg=01;35:*.jpeg=01;35:*.mjpg=01;35:*.mjpeg=01;35:*.gif=01;35:*.bmp=01;35:*.pbm=01;35:*.pgm=01;35:*.ppm=01;35:*.tga=01;35:*.xbm=01;35:*.xpm=01;35:*.tif=01;35:*.tiff=01;35:*.png=01;35:*.svg=01;35:*.svgz=01;35:*.mng=01;35:*.pcx=01;35:*.mov=01;35:*.mpg=01;35:*.mpeg=01;35:*.m2v=01;35:*.mkv=01;35:*.webm=01;35:*.webp=01;35:*.ogm=01;35:*.mp4=01;35:*.m4v=01;35:*.mp4v=01;35:*.vob=01;35:*.qt=01;35:*.nuv=01;35:*.wmv=01;35:*.asf=01;35:*.rm=01;35:*.rmvb=01;35:*.flc=01;35:*.avi=01;35:*.fli=01;35:*.flv=01;35:*.gl=01;35:*.dl=01;35:*.xcf=01;35:*.xwd=01;35:*.yuv=01;35:*.cgm=01;35:*.emf=01;35:*.ogv=01;35:*.ogx=01;35:*.aac=00;36:*.au=00;36:*.flac=00;36:*.m4a=00;36:*.mid=00;36:*.midi=00;36:*.mka=00;36:*.mp3=00;36:*.mpc=00;36:*.ogg=00;36:*.ra=00;36:*.wav=00;36:*.oga=00;36:*.opus=00;36:*.spx=00;36:*.xspf=00;36:', 'CONDA_PROMPT_MODIFIER': '(bottle_python_3_12) ', 'AMENT_PREFIX_PATH': '/opt/ros/humble', 'LC_TERMINAL': 'iTerm2', 'SSH_CONNECTION': '172.16.67.112 62778 192.168.100.59 22', 'LESSCLOSE': '/usr/bin/lesspipe %s %s', 'XDG_SESSION_CLASS': 'user', 'PYTHONPATH': '/opt/ros/humble/lib/python3.10/site-packages:/opt/ros/humble/local/lib/python3.10/dist-packages', 'TERM': 'xterm-256color', 'LESSOPEN': '| /usr/bin/lesspipe %s', 'USER': 'root', 'CONDA_SHLVL': '2', 'LC_TERMINAL_VERSION': '3.3.7', 'SHLVL': '1', 'XDG_SESSION_ID': '32360', 'CONDA_PYTHON_EXE': '/root/miniconda3/bin/python', 'LD_LIBRARY_PATH': '/opt/ros/humble/opt/rviz_ogre_vendor/lib:/opt/ros/humble/lib/x86_64-linux-gnu:/opt/ros/humble/lib', 'XDG_RUNTIME_DIR': '/run/user/0', 'ROS_LOCALHOST_ONLY': '0', 'SSH_CLIENT': '172.16.67.112 62778 22', 'CONDA_DEFAULT_ENV': 'bottle_python_3_12', 'LC_TIME': 'C.UTF-8', 'XDG_DATA_DIRS': '/usr/local/share:/usr/share:/var/lib/snapd/desktop', 'PATH': '/opt/ros/humble/bin:/root/miniconda3/envs/bottle_python_3_12/bin:/root/miniconda3/condabin:/sbin:/usr/sbin:/usr/local/sbin:/usr/lpp/mmfs/bin:/usr/local/sbin:/usr/local/bin:/usr/sbin:/usr/bin:/sbin:/bin:/usr/games:/usr/local/games:/snap/bin', 'DBUS_SESSION_BUS_ADDRESS': 'unix:path=/run/user/0/bus', 'SSH_TTY': '/dev/pts/5', 'CONDA_PREFIX_1': '/root/miniconda3', 'ROS_DISTRO': 'humble', 'OLDPWD': '/root/bottle', '_': '/root/miniconda3/envs/bottle_python_3_12/bin/python', 'SERVER_NAME': 'localhost', 'GATEWAY_INTERFACE': 'CGI/1.1', 'SERVER_PORT': '8080', 'REMOTE_HOST': '', 'CONTENT_LENGTH': '', 'SCRIPT_NAME': '', 'SERVER_PROTOCOL': 'HTTP/1.1', 'SERVER_SOFTWARE': 'WSGIServer/0.2', 'REQUEST_METHOD': 'GET', 'PATH_INFO': '/private', 'QUERY_STRING': '', 'REMOTE_ADDR': '127.0.0.1', 'CONTENT_TYPE': 'text/plain', 'HTTP_HOST': '127.0.0.1:8080', 'HTTP_USER_AGENT': 'curl/7.81.0', 'HTTP_ACCEPT': '*/*', 'wsgi.input': <_io.BufferedReader name=4>, 'wsgi.errors': <_io.TextIOWrapper name='<stderr>' mode='w' encoding='utf-8'>, 'wsgi.version': (1, 0), 'wsgi.run_once': False, 'wsgi.url_scheme': 'http', 'wsgi.multithread': False, 'wsgi.multiprocess': False, 'wsgi.file_wrapper': <class 'wsgiref.util.FileWrapper'>, 'bottle.raw_path': '/private', 'bottle.app': <bottle.Bottle object at 0x7ff510a3f050>}
./bottle.py BaseResponse __init__ body:
./bottle.py BaseResponse __init__ status: None
./bottle.py BaseResponse __init__ headers: None
./bottle.py BaseResponse __init__ more_headers: {}
./bottle.py _local_property fset value: None
./bottle.py _local_property fset value: {}
./bottle.py _local_property fset value:
./bottle.py BaseResponse _set_status status: 200
./bottle.py _local_property fset value: 200
./bottle.py _local_property fset value: 200 OK
./bottle.py Bottle trigger_hook __name: before_request
./bottle.py Bottle trigger_hook args: ()
./bottle.py Bottle trigger_hook kwargs: {}
./bottle.py Router match environ: {'SHELL': '/bin/bash', 'ROS_VERSION': '2', 'CONDA_EXE': '/root/miniconda3/bin/conda', 'ROS_PYTHON_VERSION': '3', 'OLLAMA_MODELS': '/home/zhanghao/edu/ollama/model', 'PWD': '/root/bottle/examples', 'LOGNAME': 'root', 'XDG_SESSION_TYPE': 'tty', 'CONDA_PREFIX': '/root/miniconda3/envs/bottle_python_3_12', 'MOTD_SHOWN': 'pam', 'HOME': '/root', 'LANG': 'C.UTF-8', 'LS_COLORS': 'rs=0:di=01;34:ln=01;36:mh=00:pi=40;33:so=01;35:do=01;35:bd=40;33;01:cd=40;33;01:or=40;31;01:mi=00:su=37;41:sg=30;43:ca=30;41:tw=30;42:ow=34;42:st=37;44:ex=01;32:*.tar=01;31:*.tgz=01;31:*.arc=01;31:*.arj=01;31:*.taz=01;31:*.lha=01;31:*.lz4=01;31:*.lzh=01;31:*.lzma=01;31:*.tlz=01;31:*.txz=01;31:*.tzo=01;31:*.t7z=01;31:*.zip=01;31:*.z=01;31:*.dz=01;31:*.gz=01;31:*.lrz=01;31:*.lz=01;31:*.lzo=01;31:*.xz=01;31:*.zst=01;31:*.tzst=01;31:*.bz2=01;31:*.bz=01;31:*.tbz=01;31:*.tbz2=01;31:*.tz=01;31:*.deb=01;31:*.rpm=01;31:*.jar=01;31:*.war=01;31:*.ear=01;31:*.sar=01;31:*.rar=01;31:*.alz=01;31:*.ace=01;31:*.zoo=01;31:*.cpio=01;31:*.7z=01;31:*.rz=01;31:*.cab=01;31:*.wim=01;31:*.swm=01;31:*.dwm=01;31:*.esd=01;31:*.jpg=01;35:*.jpeg=01;35:*.mjpg=01;35:*.mjpeg=01;35:*.gif=01;35:*.bmp=01;35:*.pbm=01;35:*.pgm=01;35:*.ppm=01;35:*.tga=01;35:*.xbm=01;35:*.xpm=01;35:*.tif=01;35:*.tiff=01;35:*.png=01;35:*.svg=01;35:*.svgz=01;35:*.mng=01;35:*.pcx=01;35:*.mov=01;35:*.mpg=01;35:*.mpeg=01;35:*.m2v=01;35:*.mkv=01;35:*.webm=01;35:*.webp=01;35:*.ogm=01;35:*.mp4=01;35:*.m4v=01;35:*.mp4v=01;35:*.vob=01;35:*.qt=01;35:*.nuv=01;35:*.wmv=01;35:*.asf=01;35:*.rm=01;35:*.rmvb=01;35:*.flc=01;35:*.avi=01;35:*.fli=01;35:*.flv=01;35:*.gl=01;35:*.dl=01;35:*.xcf=01;35:*.xwd=01;35:*.yuv=01;35:*.cgm=01;35:*.emf=01;35:*.ogv=01;35:*.ogx=01;35:*.aac=00;36:*.au=00;36:*.flac=00;36:*.m4a=00;36:*.mid=00;36:*.midi=00;36:*.mka=00;36:*.mp3=00;36:*.mpc=00;36:*.ogg=00;36:*.ra=00;36:*.wav=00;36:*.oga=00;36:*.opus=00;36:*.spx=00;36:*.xspf=00;36:', 'CONDA_PROMPT_MODIFIER': '(bottle_python_3_12) ', 'AMENT_PREFIX_PATH': '/opt/ros/humble', 'LC_TERMINAL': 'iTerm2', 'SSH_CONNECTION': '172.16.67.112 62778 192.168.100.59 22', 'LESSCLOSE': '/usr/bin/lesspipe %s %s', 'XDG_SESSION_CLASS': 'user', 'PYTHONPATH': '/opt/ros/humble/lib/python3.10/site-packages:/opt/ros/humble/local/lib/python3.10/dist-packages', 'TERM': 'xterm-256color', 'LESSOPEN': '| /usr/bin/lesspipe %s', 'USER': 'root', 'CONDA_SHLVL': '2', 'LC_TERMINAL_VERSION': '3.3.7', 'SHLVL': '1', 'XDG_SESSION_ID': '32360', 'CONDA_PYTHON_EXE': '/root/miniconda3/bin/python', 'LD_LIBRARY_PATH': '/opt/ros/humble/opt/rviz_ogre_vendor/lib:/opt/ros/humble/lib/x86_64-linux-gnu:/opt/ros/humble/lib', 'XDG_RUNTIME_DIR': '/run/user/0', 'ROS_LOCALHOST_ONLY': '0', 'SSH_CLIENT': '172.16.67.112 62778 22', 'CONDA_DEFAULT_ENV': 'bottle_python_3_12', 'LC_TIME': 'C.UTF-8', 'XDG_DATA_DIRS': '/usr/local/share:/usr/share:/var/lib/snapd/desktop', 'PATH': '/opt/ros/humble/bin:/root/miniconda3/envs/bottle_python_3_12/bin:/root/miniconda3/condabin:/sbin:/usr/sbin:/usr/local/sbin:/usr/lpp/mmfs/bin:/usr/local/sbin:/usr/local/bin:/usr/sbin:/usr/bin:/sbin:/bin:/usr/games:/usr/local/games:/snap/bin', 'DBUS_SESSION_BUS_ADDRESS': 'unix:path=/run/user/0/bus', 'SSH_TTY': '/dev/pts/5', 'CONDA_PREFIX_1': '/root/miniconda3', 'ROS_DISTRO': 'humble', 'OLDPWD': '/root/bottle', '_': '/root/miniconda3/envs/bottle_python_3_12/bin/python', 'SERVER_NAME': 'localhost', 'GATEWAY_INTERFACE': 'CGI/1.1', 'SERVER_PORT': '8080', 'REMOTE_HOST': '', 'CONTENT_LENGTH': '', 'SCRIPT_NAME': '', 'SERVER_PROTOCOL': 'HTTP/1.1', 'SERVER_SOFTWARE': 'WSGIServer/0.2', 'REQUEST_METHOD': 'GET', 'PATH_INFO': '/private', 'QUERY_STRING': '', 'REMOTE_ADDR': '127.0.0.1', 'CONTENT_TYPE': 'text/plain', 'HTTP_HOST': '127.0.0.1:8080', 'HTTP_USER_AGENT': 'curl/7.81.0', 'HTTP_ACCEPT': '*/*', 'wsgi.input': <_io.BufferedReader name=4>, 'wsgi.errors': <_io.TextIOWrapper name='<stderr>' mode='w' encoding='utf-8'>, 'wsgi.version': (1, 0), 'wsgi.run_once': False, 'wsgi.url_scheme': 'http', 'wsgi.multithread': False, 'wsgi.multiprocess': False, 'wsgi.file_wrapper': <class 'wsgiref.util.FileWrapper'>, 'bottle.raw_path': '/private', 'bottle.app': <bottle.Bottle object at 0x7ff510a3f050>, 'bottle.request': <LocalRequest: GET http://127.0.0.1:8080/private>, 'bottle.request.urlparts': SplitResult(scheme='http', netloc='127.0.0.1:8080', path='/private', query='', fragment='')}
./bottle.py MultiDict __init__ a: ()
./bottle.py MultiDict __init__ k: {}
./bottle.py _parse_qsl qs:
./bottle.py MultiDict get key: password
./bottle.py MultiDict get default:
./bottle.py MultiDict get index: -1
./bottle.py MultiDict get type: None
./bottle.py abort code: 401
./bottle.py abort text: Go away!
./bottle.py HTTPError __init__ status: 401
./bottle.py HTTPError __init__ body: Go away!
./bottle.py HTTPError __init__ exception: None
./bottle.py HTTPError __init__ traceback: None
./bottle.py HTTPError __init__ more_headers: {}
./bottle.py HTTPResponse __init__ body: Go away!
./bottle.py HTTPResponse __init__ status: 401
./bottle.py HTTPResponse __init__ headers: None
./bottle.py HTTPResponse __init__ more_headers: {}
./bottle.py BaseResponse __init__ body: Go away!
./bottle.py BaseResponse __init__ status: 401
./bottle.py BaseResponse __init__ headers: None
./bottle.py BaseResponse __init__ more_headers: {}
./bottle.py BaseResponse _set_status status: 401
./bottle.py HTTPResponse apply other: Content-Type: text/html; charset=UTF-8

./bottle.py _local_property fset value: 401
./bottle.py _local_property fset value: 401 Unauthorized
./bottle.py _local_property fset value: {}
./bottle.py _local_property fset value: None
./bottle.py _local_property fset value: Go away!
./bottle.py Bottle trigger_hook __name: after_request
./bottle.py Bottle trigger_hook args: ()
./bottle.py Bottle trigger_hook kwargs: {}
./bottle.py Bottle _cast out: (401, 'Go away!')
./bottle.py Bottle _cast peek: None
./bottle.py HTTPResponse apply other: Content-Type: text/html; charset=UTF-8

./bottle.py _local_property fset value: 401
./bottle.py _local_property fset value: 401 Unauthorized
./bottle.py _local_property fset value: {}
./bottle.py _local_property fset value: None
./bottle.py _local_property fset value: Go away!
./bottle.py Bottle default_error_handler res: (401, 'Go away!')
./bottle.py template args: ('\n%try:\n    %from bottle import DEBUG, request\n    <!DOCTYPE HTML PUBLIC "-//IETF//DTD HTML 2.0//EN">\n    <html>\n        <head>\n            <title>Error: {{e.status}}</title>\n            <style type="text/css">\n              html {background-color: #eee; font-family: sans-serif;}\n              body {background-color: #fff; border: 1px solid #ddd;\n                    padding: 15px; margin: 15px;}\n              pre {background-color: #eee; border: 1px solid #ddd; padding: 5px;}\n            </style>\n        </head>\n        <body>\n            <h1>Error: {{e.status}}</h1>\n            <p>Sorry, the requested URL <tt>{{repr(request.url)}}</tt>\n               caused an error:</p>\n            <pre>{{e.body}}</pre>\n            %if DEBUG and e.exception:\n              <h2>Exception:</h2>\n              %try:\n                %exc = repr(e.exception)\n              %except:\n                %exc = \'<unprintable %s object>\' % type(e.exception).__name__\n              %end\n              <pre>{{exc}}</pre>\n            %end\n            %if DEBUG and e.traceback:\n              <h2>Traceback:</h2>\n              <pre>{{e.traceback}}</pre>\n            %end\n        </body>\n    </html>\n%except ImportError:\n    <b>ImportError:</b> Could not generate the error page. Please add bottle to\n    the import path.\n%end\n',)
./bottle.py template kwargs: {'e': Content-Type: text/html; charset=UTF-8
, 'template_settings': {'name': '__ERROR_PAGE_TEMPLATE'}}
./bottle.py BaseTemplate __init__ source:
%try:
    %from bottle import DEBUG, request
    <!DOCTYPE HTML PUBLIC "-//IETF//DTD HTML 2.0//EN">
    <html>
        <head>
            <title>Error: {{e.status}}</title>
            <style type="text/css">
              html {background-color: #eee; font-family: sans-serif;}
              body {background-color: #fff; border: 1px solid #ddd;
                    padding: 15px; margin: 15px;}
              pre {background-color: #eee; border: 1px solid #ddd; padding: 5px;}
            </style>
        </head>
        <body>
            <h1>Error: {{e.status}}</h1>
            <p>Sorry, the requested URL <tt>{{repr(request.url)}}</tt>
               caused an error:</p>
            <pre>{{e.body}}</pre>
            %if DEBUG and e.exception:
              <h2>Exception:</h2>
              %try:
                %exc = repr(e.exception)
              %except:
                %exc = '<unprintable %s object>' % type(e.exception).__name__
              %end
              <pre>{{exc}}</pre>
            %end
            %if DEBUG and e.traceback:
              <h2>Traceback:</h2>
              <pre>{{e.traceback}}</pre>
            %end
        </body>
    </html>
%except ImportError:
    <b>ImportError:</b> Could not generate the error page. Please add bottle to
    the import path.
%end

./bottle.py BaseTemplate __init__ name: __ERROR_PAGE_TEMPLATE
./bottle.py BaseTemplate __init__ lookup: ['./', './views/']
./bottle.py BaseTemplate __init__ encoding: utf8
./bottle.py BaseTemplate __init__ settings: {}
./bottle.py cached_property __get__ obj: <bottle.SimpleTemplate object at 0x7ff5100c38f0>
./bottle.py cached_property __get__ cls: <class 'bottle.SimpleTemplate'>
./bottle.py cached_property __get__ obj: <bottle.SimpleTemplate object at 0x7ff5100c38f0>
./bottle.py cached_property __get__ cls: <class 'bottle.SimpleTemplate'>
./bottle.py touni s:
%try:
    %from bottle import DEBUG, request
    <!DOCTYPE HTML PUBLIC "-//IETF//DTD HTML 2.0//EN">
    <html>
        <head>
            <title>Error: {{e.status}}</title>
            <style type="text/css">
              html {background-color: #eee; font-family: sans-serif;}
              body {background-color: #fff; border: 1px solid #ddd;
                    padding: 15px; margin: 15px;}
              pre {background-color: #eee; border: 1px solid #ddd; padding: 5px;}
            </style>
        </head>
        <body>
            <h1>Error: {{e.status}}</h1>
            <p>Sorry, the requested URL <tt>{{repr(request.url)}}</tt>
               caused an error:</p>
            <pre>{{e.body}}</pre>
            %if DEBUG and e.exception:
              <h2>Exception:</h2>
              %try:
                %exc = repr(e.exception)
              %except:
                %exc = '<unprintable %s object>' % type(e.exception).__name__
              %end
              <pre>{{exc}}</pre>
            %end
            %if DEBUG and e.traceback:
              <h2>Traceback:</h2>
              <pre>{{e.traceback}}</pre>
            %end
        </body>
    </html>
%except ImportError:
    <b>ImportError:</b> Could not generate the error page. Please add bottle to
    the import path.
%end

./bottle.py touni enc: utf8
./bottle.py touni err: strict
./bottle.py StplParser __init__ source:
%try:
    %from bottle import DEBUG, request
    <!DOCTYPE HTML PUBLIC "-//IETF//DTD HTML 2.0//EN">
    <html>
        <head>
            <title>Error: {{e.status}}</title>
            <style type="text/css">
              html {background-color: #eee; font-family: sans-serif;}
              body {background-color: #fff; border: 1px solid #ddd;
                    padding: 15px; margin: 15px;}
              pre {background-color: #eee; border: 1px solid #ddd; padding: 5px;}
            </style>
        </head>
        <body>
            <h1>Error: {{e.status}}</h1>
            <p>Sorry, the requested URL <tt>{{repr(request.url)}}</tt>
               caused an error:</p>
            <pre>{{e.body}}</pre>
            %if DEBUG and e.exception:
              <h2>Exception:</h2>
              %try:
                %exc = repr(e.exception)
              %except:
                %exc = '<unprintable %s object>' % type(e.exception).__name__
              %end
              <pre>{{exc}}</pre>
            %end
            %if DEBUG and e.traceback:
              <h2>Traceback:</h2>
              <pre>{{e.traceback}}</pre>
            %end
        </body>
    </html>
%except ImportError:
    <b>ImportError:</b> Could not generate the error page. Please add bottle to
    the import path.
%end

./bottle.py StplParser __init__ syntax: None
./bottle.py StplParser __init__ encoding: utf8
./bottle.py touni s:
%try:
    %from bottle import DEBUG, request
    <!DOCTYPE HTML PUBLIC "-//IETF//DTD HTML 2.0//EN">
    <html>
        <head>
            <title>Error: {{e.status}}</title>
            <style type="text/css">
              html {background-color: #eee; font-family: sans-serif;}
              body {background-color: #fff; border: 1px solid #ddd;
                    padding: 15px; margin: 15px;}
              pre {background-color: #eee; border: 1px solid #ddd; padding: 5px;}
            </style>
        </head>
        <body>
            <h1>Error: {{e.status}}</h1>
            <p>Sorry, the requested URL <tt>{{repr(request.url)}}</tt>
               caused an error:</p>
            <pre>{{e.body}}</pre>
            %if DEBUG and e.exception:
              <h2>Exception:</h2>
              %try:
                %exc = repr(e.exception)
              %except:
                %exc = '<unprintable %s object>' % type(e.exception).__name__
              %end
              <pre>{{exc}}</pre>
            %end
            %if DEBUG and e.traceback:
              <h2>Traceback:</h2>
              <pre>{{e.traceback}}</pre>
            %end
        </body>
    </html>
%except ImportError:
    <b>ImportError:</b> Could not generate the error page. Please add bottle to
    the import path.
%end

./bottle.py touni enc: utf8
./bottle.py touni err: strict
./bottle.py StplParser set_syntax syntax: <% %> % {{ }}
./bottle.py StplParser write_code line: _printlist(('\n',))
./bottle.py StplParser write_code comment:
./bottle.py StplParser read_code pysource: try:
    %from bottle import DEBUG, request
    <!DOCTYPE HTML PUBLIC "-//IETF//DTD HTML 2.0//EN">
    <html>
        <head>
            <title>Error: {{e.status}}</title>
            <style type="text/css">
              html {background-color: #eee; font-family: sans-serif;}
              body {background-color: #fff; border: 1px solid #ddd;
                    padding: 15px; margin: 15px;}
              pre {background-color: #eee; border: 1px solid #ddd; padding: 5px;}
            </style>
        </head>
        <body>
            <h1>Error: {{e.status}}</h1>
            <p>Sorry, the requested URL <tt>{{repr(request.url)}}</tt>
               caused an error:</p>
            <pre>{{e.body}}</pre>
            %if DEBUG and e.exception:
              <h2>Exception:</h2>
              %try:
                %exc = repr(e.exception)
              %except:
                %exc = '<unprintable %s object>' % type(e.exception).__name__
              %end
              <pre>{{exc}}</pre>
            %end
            %if DEBUG and e.traceback:
              <h2>Traceback:</h2>
              <pre>{{e.traceback}}</pre>
            %end
        </body>
    </html>
%except ImportError:
    <b>ImportError:</b> Could not generate the error page. Please add bottle to
    the import path.
%end

./bottle.py StplParser read_code multiline: False
./bottle.py StplParser write_code line: try:
./bottle.py StplParser write_code comment:
./bottle.py StplParser read_code pysource: from bottle import DEBUG, request
    <!DOCTYPE HTML PUBLIC "-//IETF//DTD HTML 2.0//EN">
    <html>
        <head>
            <title>Error: {{e.status}}</title>
            <style type="text/css">
              html {background-color: #eee; font-family: sans-serif;}
              body {background-color: #fff; border: 1px solid #ddd;
                    padding: 15px; margin: 15px;}
              pre {background-color: #eee; border: 1px solid #ddd; padding: 5px;}
            </style>
        </head>
        <body>
            <h1>Error: {{e.status}}</h1>
            <p>Sorry, the requested URL <tt>{{repr(request.url)}}</tt>
               caused an error:</p>
            <pre>{{e.body}}</pre>
            %if DEBUG and e.exception:
              <h2>Exception:</h2>
              %try:
                %exc = repr(e.exception)
              %except:
                %exc = '<unprintable %s object>' % type(e.exception).__name__
              %end
              <pre>{{exc}}</pre>
            %end
            %if DEBUG and e.traceback:
              <h2>Traceback:</h2>
              <pre>{{e.traceback}}</pre>
            %end
        </body>
    </html>
%except ImportError:
    <b>ImportError:</b> Could not generate the error page. Please add bottle to
    the import path.
%end

./bottle.py StplParser read_code multiline: False
./bottle.py StplParser write_code line: from bottle import DEBUG, request
./bottle.py StplParser write_code comment:
./bottle.py StplParser process_inline chunk: e.status
./bottle.py StplParser process_inline chunk: e.status
./bottle.py StplParser process_inline chunk: repr(request.url)
./bottle.py StplParser process_inline chunk: e.body
./bottle.py StplParser write_code line: _printlist(('    <!DOCTYPE HTML PUBLIC "-//IETF//DTD HTML 2.0//EN">\n'\
  '    <html>\n'\
  '        <head>\n'\
  '            <title>Error: ', _escape(e.status), '</title>\n'\
  '            <style type="text/css">\n'\
  '              html {background-color: #eee; font-family: sans-serif;}\n'\
  '              body {background-color: #fff; border: 1px solid #ddd;\n'\
  '                    padding: 15px; margin: 15px;}\n'\
  '              pre {background-color: #eee; border: 1px solid #ddd; padding: 5px;}\n'\
  '            </style>\n'\
  '        </head>\n'\
  '        <body>\n'\
  '            <h1>Error: ', _escape(e.status), '</h1>\n'\
  '            <p>Sorry, the requested URL <tt>', _escape(repr(request.url)), '</tt>\n'\
  '               caused an error:</p>\n'\
  '            <pre>', _escape(e.body), '</pre>\n',))
./bottle.py StplParser write_code comment:
./bottle.py StplParser read_code pysource: if DEBUG and e.exception:
              <h2>Exception:</h2>
              %try:
                %exc = repr(e.exception)
              %except:
                %exc = '<unprintable %s object>' % type(e.exception).__name__
              %end
              <pre>{{exc}}</pre>
            %end
            %if DEBUG and e.traceback:
              <h2>Traceback:</h2>
              <pre>{{e.traceback}}</pre>
            %end
        </body>
    </html>
%except ImportError:
    <b>ImportError:</b> Could not generate the error page. Please add bottle to
    the import path.
%end

./bottle.py StplParser read_code multiline: False
./bottle.py StplParser write_code line: if DEBUG and e.exception:
./bottle.py StplParser write_code comment:
./bottle.py StplParser write_code line: _printlist(('              <h2>Exception:</h2>\n',))
./bottle.py StplParser write_code comment:
./bottle.py StplParser read_code pysource: try:
                %exc = repr(e.exception)
              %except:
                %exc = '<unprintable %s object>' % type(e.exception).__name__
              %end
              <pre>{{exc}}</pre>
            %end
            %if DEBUG and e.traceback:
              <h2>Traceback:</h2>
              <pre>{{e.traceback}}</pre>
            %end
        </body>
    </html>
%except ImportError:
    <b>ImportError:</b> Could not generate the error page. Please add bottle to
    the import path.
%end

./bottle.py StplParser read_code multiline: False
./bottle.py StplParser write_code line: try:
./bottle.py StplParser write_code comment:
./bottle.py StplParser read_code pysource: exc = repr(e.exception)
              %except:
                %exc = '<unprintable %s object>' % type(e.exception).__name__
              %end
              <pre>{{exc}}</pre>
            %end
            %if DEBUG and e.traceback:
              <h2>Traceback:</h2>
              <pre>{{e.traceback}}</pre>
            %end
        </body>
    </html>
%except ImportError:
    <b>ImportError:</b> Could not generate the error page. Please add bottle to
    the import path.
%end

./bottle.py StplParser read_code multiline: False
./bottle.py StplParser write_code line: exc = repr(e.exception)
./bottle.py StplParser write_code comment:
./bottle.py StplParser read_code pysource: except:
                %exc = '<unprintable %s object>' % type(e.exception).__name__
              %end
              <pre>{{exc}}</pre>
            %end
            %if DEBUG and e.traceback:
              <h2>Traceback:</h2>
              <pre>{{e.traceback}}</pre>
            %end
        </body>
    </html>
%except ImportError:
    <b>ImportError:</b> Could not generate the error page. Please add bottle to
    the import path.
%end

./bottle.py StplParser read_code multiline: False
./bottle.py StplParser write_code line: except:
./bottle.py StplParser write_code comment:
./bottle.py StplParser read_code pysource: exc = '<unprintable %s object>' % type(e.exception).__name__
              %end
              <pre>{{exc}}</pre>
            %end
            %if DEBUG and e.traceback:
              <h2>Traceback:</h2>
              <pre>{{e.traceback}}</pre>
            %end
        </body>
    </html>
%except ImportError:
    <b>ImportError:</b> Could not generate the error page. Please add bottle to
    the import path.
%end

./bottle.py StplParser read_code multiline: False
./bottle.py StplParser write_code line: exc = '<unprintable %s object>' % type(e.exception).__name__
./bottle.py StplParser write_code comment:
./bottle.py StplParser read_code pysource: end
              <pre>{{exc}}</pre>
            %end
            %if DEBUG and e.traceback:
              <h2>Traceback:</h2>
              <pre>{{e.traceback}}</pre>
            %end
        </body>
    </html>
%except ImportError:
    <b>ImportError:</b> Could not generate the error page. Please add bottle to
    the import path.
%end

./bottle.py StplParser read_code multiline: False
./bottle.py StplParser write_code line:
./bottle.py StplParser write_code comment:
./bottle.py StplParser process_inline chunk: exc
./bottle.py StplParser write_code line: _printlist(('              <pre>', _escape(exc), '</pre>\n',))
./bottle.py StplParser write_code comment:
./bottle.py StplParser read_code pysource: end
            %if DEBUG and e.traceback:
              <h2>Traceback:</h2>
              <pre>{{e.traceback}}</pre>
            %end
        </body>
    </html>
%except ImportError:
    <b>ImportError:</b> Could not generate the error page. Please add bottle to
    the import path.
%end

./bottle.py StplParser read_code multiline: False
./bottle.py StplParser write_code line:
./bottle.py StplParser write_code comment:
./bottle.py StplParser read_code pysource: if DEBUG and e.traceback:
              <h2>Traceback:</h2>
              <pre>{{e.traceback}}</pre>
            %end
        </body>
    </html>
%except ImportError:
    <b>ImportError:</b> Could not generate the error page. Please add bottle to
    the import path.
%end

./bottle.py StplParser read_code multiline: False
./bottle.py StplParser write_code line: if DEBUG and e.traceback:
./bottle.py StplParser write_code comment:
./bottle.py StplParser process_inline chunk: e.traceback
./bottle.py StplParser write_code line: _printlist(('              <h2>Traceback:</h2>\n'\
    '              <pre>', _escape(e.traceback), '</pre>\n',))
./bottle.py StplParser write_code comment:
./bottle.py StplParser read_code pysource: end
        </body>
    </html>
%except ImportError:
    <b>ImportError:</b> Could not generate the error page. Please add bottle to
    the import path.
%end

./bottle.py StplParser read_code multiline: False
./bottle.py StplParser write_code line:
./bottle.py StplParser write_code comment:
./bottle.py StplParser write_code line: _printlist(('        </body>\n'\
  '    </html>\n',))
./bottle.py StplParser write_code comment:
./bottle.py StplParser read_code pysource: except ImportError:
    <b>ImportError:</b> Could not generate the error page. Please add bottle to
    the import path.
%end

./bottle.py StplParser read_code multiline: False
./bottle.py StplParser write_code line: except ImportError:
./bottle.py StplParser write_code comment:
./bottle.py StplParser write_code line: _printlist(('    <b>ImportError:</b> Could not generate the error page. Please add bottle to\n'\
  '    the import path.\n',))
./bottle.py StplParser write_code comment:
./bottle.py StplParser read_code pysource: end

./bottle.py StplParser read_code multiline: False
./bottle.py StplParser write_code line:
./bottle.py StplParser write_code comment:
./bottle.py touni s: 401 Unauthorized
./bottle.py touni enc: utf8
./bottle.py touni err: strict
./bottle.py html_escape string: 401 Unauthorized
./bottle.py touni s: 401 Unauthorized
./bottle.py touni enc: utf8
./bottle.py touni err: strict
./bottle.py html_escape string: 401 Unauthorized
./bottle.py touni s: 'http://127.0.0.1:8080/private'
./bottle.py touni enc: utf8
./bottle.py touni err: strict
./bottle.py html_escape string: 'http://127.0.0.1:8080/private'
./bottle.py touni s: Go away!
./bottle.py touni enc: utf8
./bottle.py touni err: strict
./bottle.py html_escape string: Go away!
./bottle.py tob s:
    <!DOCTYPE HTML PUBLIC "-//IETF//DTD HTML 2.0//EN">
    <html>
        <head>
            <title>Error: 401 Unauthorized</title>
            <style type="text/css">
              html {background-color: #eee; font-family: sans-serif;}
              body {background-color: #fff; border: 1px solid #ddd;
                    padding: 15px; margin: 15px;}
              pre {background-color: #eee; border: 1px solid #ddd; padding: 5px;}
            </style>
        </head>
        <body>
            <h1>Error: 401 Unauthorized</h1>
            <p>Sorry, the requested URL <tt>&#039;http://127.0.0.1:8080/private&#039;</tt>
               caused an error:</p>
            <pre>Go away!</pre>
        </body>
    </html>

./bottle.py tob enc: utf8
./bottle.py Bottle _cast out: b'\n    <!DOCTYPE HTML PUBLIC "-//IETF//DTD HTML 2.0//EN">\n    <html>\n        <head>\n            <title>Error: 401 Unauthorized</title>\n            <style type="text/css">\n              html {background-color: #eee; font-family: sans-serif;}\n              body {background-color: #fff; border: 1px solid #ddd;\n                    padding: 15px; margin: 15px;}\n              pre {background-color: #eee; border: 1px solid #ddd; padding: 5px;}\n            </style>\n        </head>\n        <body>\n            <h1>Error: 401 Unauthorized</h1>\n            <p>Sorry, the requested URL <tt>&#039;http://127.0.0.1:8080/private&#039;</tt>\n               caused an error:</p>\n            <pre>Go away!</pre>\n        </body>\n    </html>\n'
./bottle.py Bottle _cast peek: None
./bottle.py BaseResponse __contains__ name: Content-Length
./bottle.py _hkey key: Content-Length
./bottle.py BaseResponse __setitem__ name: Content-Length
./bottle.py BaseResponse __setitem__ value: 723
./bottle.py _hval value: 723
./bottle.py touni s: 723
./bottle.py touni enc: utf8
./bottle.py touni err: strict
./bottle.py _hkey key: Content-Length
127.0.0.1 - - [12/Dec/2025 16:01:16] "GET /private HTTP/1.1" 401 723

----------------------------------------------------------------------------------------------------------------------------------------------------------------
./bottle.py Bottle __call__ environ: {'SHELL': '/bin/bash', 'ROS_VERSION': '2', 'CONDA_EXE': '/root/miniconda3/bin/conda', 'ROS_PYTHON_VERSION': '3', 'OLLAMA_MODELS': '/home/zhanghao/edu/ollama/model', 'PWD': '/root/bottle/examples', 'LOGNAME': 'root', 'XDG_SESSION_TYPE': 'tty', 'CONDA_PREFIX': '/root/miniconda3/envs/bottle_python_3_12', 'MOTD_SHOWN': 'pam', 'HOME': '/root', 'LANG': 'C.UTF-8', 'LS_COLORS': 'rs=0:di=01;34:ln=01;36:mh=00:pi=40;33:so=01;35:do=01;35:bd=40;33;01:cd=40;33;01:or=40;31;01:mi=00:su=37;41:sg=30;43:ca=30;41:tw=30;42:ow=34;42:st=37;44:ex=01;32:*.tar=01;31:*.tgz=01;31:*.arc=01;31:*.arj=01;31:*.taz=01;31:*.lha=01;31:*.lz4=01;31:*.lzh=01;31:*.lzma=01;31:*.tlz=01;31:*.txz=01;31:*.tzo=01;31:*.t7z=01;31:*.zip=01;31:*.z=01;31:*.dz=01;31:*.gz=01;31:*.lrz=01;31:*.lz=01;31:*.lzo=01;31:*.xz=01;31:*.zst=01;31:*.tzst=01;31:*.bz2=01;31:*.bz=01;31:*.tbz=01;31:*.tbz2=01;31:*.tz=01;31:*.deb=01;31:*.rpm=01;31:*.jar=01;31:*.war=01;31:*.ear=01;31:*.sar=01;31:*.rar=01;31:*.alz=01;31:*.ace=01;31:*.zoo=01;31:*.cpio=01;31:*.7z=01;31:*.rz=01;31:*.cab=01;31:*.wim=01;31:*.swm=01;31:*.dwm=01;31:*.esd=01;31:*.jpg=01;35:*.jpeg=01;35:*.mjpg=01;35:*.mjpeg=01;35:*.gif=01;35:*.bmp=01;35:*.pbm=01;35:*.pgm=01;35:*.ppm=01;35:*.tga=01;35:*.xbm=01;35:*.xpm=01;35:*.tif=01;35:*.tiff=01;35:*.png=01;35:*.svg=01;35:*.svgz=01;35:*.mng=01;35:*.pcx=01;35:*.mov=01;35:*.mpg=01;35:*.mpeg=01;35:*.m2v=01;35:*.mkv=01;35:*.webm=01;35:*.webp=01;35:*.ogm=01;35:*.mp4=01;35:*.m4v=01;35:*.mp4v=01;35:*.vob=01;35:*.qt=01;35:*.nuv=01;35:*.wmv=01;35:*.asf=01;35:*.rm=01;35:*.rmvb=01;35:*.flc=01;35:*.avi=01;35:*.fli=01;35:*.flv=01;35:*.gl=01;35:*.dl=01;35:*.xcf=01;35:*.xwd=01;35:*.yuv=01;35:*.cgm=01;35:*.emf=01;35:*.ogv=01;35:*.ogx=01;35:*.aac=00;36:*.au=00;36:*.flac=00;36:*.m4a=00;36:*.mid=00;36:*.midi=00;36:*.mka=00;36:*.mp3=00;36:*.mpc=00;36:*.ogg=00;36:*.ra=00;36:*.wav=00;36:*.oga=00;36:*.opus=00;36:*.spx=00;36:*.xspf=00;36:', 'CONDA_PROMPT_MODIFIER': '(bottle_python_3_12) ', 'AMENT_PREFIX_PATH': '/opt/ros/humble', 'LC_TERMINAL': 'iTerm2', 'SSH_CONNECTION': '172.16.67.112 62778 192.168.100.59 22', 'LESSCLOSE': '/usr/bin/lesspipe %s %s', 'XDG_SESSION_CLASS': 'user', 'PYTHONPATH': '/opt/ros/humble/lib/python3.10/site-packages:/opt/ros/humble/local/lib/python3.10/dist-packages', 'TERM': 'xterm-256color', 'LESSOPEN': '| /usr/bin/lesspipe %s', 'USER': 'root', 'CONDA_SHLVL': '2', 'LC_TERMINAL_VERSION': '3.3.7', 'SHLVL': '1', 'XDG_SESSION_ID': '32360', 'CONDA_PYTHON_EXE': '/root/miniconda3/bin/python', 'LD_LIBRARY_PATH': '/opt/ros/humble/opt/rviz_ogre_vendor/lib:/opt/ros/humble/lib/x86_64-linux-gnu:/opt/ros/humble/lib', 'XDG_RUNTIME_DIR': '/run/user/0', 'ROS_LOCALHOST_ONLY': '0', 'SSH_CLIENT': '172.16.67.112 62778 22', 'CONDA_DEFAULT_ENV': 'bottle_python_3_12', 'LC_TIME': 'C.UTF-8', 'XDG_DATA_DIRS': '/usr/local/share:/usr/share:/var/lib/snapd/desktop', 'PATH': '/opt/ros/humble/bin:/root/miniconda3/envs/bottle_python_3_12/bin:/root/miniconda3/condabin:/sbin:/usr/sbin:/usr/local/sbin:/usr/lpp/mmfs/bin:/usr/local/sbin:/usr/local/bin:/usr/sbin:/usr/bin:/sbin:/bin:/usr/games:/usr/local/games:/snap/bin', 'DBUS_SESSION_BUS_ADDRESS': 'unix:path=/run/user/0/bus', 'SSH_TTY': '/dev/pts/5', 'CONDA_PREFIX_1': '/root/miniconda3', 'ROS_DISTRO': 'humble', 'OLDPWD': '/root/bottle', '_': '/root/miniconda3/envs/bottle_python_3_12/bin/python', 'SERVER_NAME': 'localhost', 'GATEWAY_INTERFACE': 'CGI/1.1', 'SERVER_PORT': '8080', 'REMOTE_HOST': '', 'CONTENT_LENGTH': '', 'SCRIPT_NAME': '', 'SERVER_PROTOCOL': 'HTTP/1.1', 'SERVER_SOFTWARE': 'WSGIServer/0.2', 'REQUEST_METHOD': 'GET', 'PATH_INFO': '/private', 'QUERY_STRING': 'password=secret', 'REMOTE_ADDR': '127.0.0.1', 'CONTENT_TYPE': 'text/plain', 'HTTP_HOST': '127.0.0.1:8080', 'HTTP_USER_AGENT': 'curl/7.81.0', 'HTTP_ACCEPT': '*/*', 'wsgi.input': <_io.BufferedReader name=4>, 'wsgi.errors': <_io.TextIOWrapper name='<stderr>' mode='w' encoding='utf-8'>, 'wsgi.version': (1, 0), 'wsgi.run_once': False, 'wsgi.url_scheme': 'http', 'wsgi.multithread': False, 'wsgi.multiprocess': False, 'wsgi.file_wrapper': <class 'wsgiref.util.FileWrapper'>}
./bottle.py Bottle __call__ start_response: <bound method BaseHandler.start_response of <wsgiref.simple_server.ServerHandler object at 0x7ff50fd25700>>
./bottle.py Bottle wsgi environ: {'SHELL': '/bin/bash', 'ROS_VERSION': '2', 'CONDA_EXE': '/root/miniconda3/bin/conda', 'ROS_PYTHON_VERSION': '3', 'OLLAMA_MODELS': '/home/zhanghao/edu/ollama/model', 'PWD': '/root/bottle/examples', 'LOGNAME': 'root', 'XDG_SESSION_TYPE': 'tty', 'CONDA_PREFIX': '/root/miniconda3/envs/bottle_python_3_12', 'MOTD_SHOWN': 'pam', 'HOME': '/root', 'LANG': 'C.UTF-8', 'LS_COLORS': 'rs=0:di=01;34:ln=01;36:mh=00:pi=40;33:so=01;35:do=01;35:bd=40;33;01:cd=40;33;01:or=40;31;01:mi=00:su=37;41:sg=30;43:ca=30;41:tw=30;42:ow=34;42:st=37;44:ex=01;32:*.tar=01;31:*.tgz=01;31:*.arc=01;31:*.arj=01;31:*.taz=01;31:*.lha=01;31:*.lz4=01;31:*.lzh=01;31:*.lzma=01;31:*.tlz=01;31:*.txz=01;31:*.tzo=01;31:*.t7z=01;31:*.zip=01;31:*.z=01;31:*.dz=01;31:*.gz=01;31:*.lrz=01;31:*.lz=01;31:*.lzo=01;31:*.xz=01;31:*.zst=01;31:*.tzst=01;31:*.bz2=01;31:*.bz=01;31:*.tbz=01;31:*.tbz2=01;31:*.tz=01;31:*.deb=01;31:*.rpm=01;31:*.jar=01;31:*.war=01;31:*.ear=01;31:*.sar=01;31:*.rar=01;31:*.alz=01;31:*.ace=01;31:*.zoo=01;31:*.cpio=01;31:*.7z=01;31:*.rz=01;31:*.cab=01;31:*.wim=01;31:*.swm=01;31:*.dwm=01;31:*.esd=01;31:*.jpg=01;35:*.jpeg=01;35:*.mjpg=01;35:*.mjpeg=01;35:*.gif=01;35:*.bmp=01;35:*.pbm=01;35:*.pgm=01;35:*.ppm=01;35:*.tga=01;35:*.xbm=01;35:*.xpm=01;35:*.tif=01;35:*.tiff=01;35:*.png=01;35:*.svg=01;35:*.svgz=01;35:*.mng=01;35:*.pcx=01;35:*.mov=01;35:*.mpg=01;35:*.mpeg=01;35:*.m2v=01;35:*.mkv=01;35:*.webm=01;35:*.webp=01;35:*.ogm=01;35:*.mp4=01;35:*.m4v=01;35:*.mp4v=01;35:*.vob=01;35:*.qt=01;35:*.nuv=01;35:*.wmv=01;35:*.asf=01;35:*.rm=01;35:*.rmvb=01;35:*.flc=01;35:*.avi=01;35:*.fli=01;35:*.flv=01;35:*.gl=01;35:*.dl=01;35:*.xcf=01;35:*.xwd=01;35:*.yuv=01;35:*.cgm=01;35:*.emf=01;35:*.ogv=01;35:*.ogx=01;35:*.aac=00;36:*.au=00;36:*.flac=00;36:*.m4a=00;36:*.mid=00;36:*.midi=00;36:*.mka=00;36:*.mp3=00;36:*.mpc=00;36:*.ogg=00;36:*.ra=00;36:*.wav=00;36:*.oga=00;36:*.opus=00;36:*.spx=00;36:*.xspf=00;36:', 'CONDA_PROMPT_MODIFIER': '(bottle_python_3_12) ', 'AMENT_PREFIX_PATH': '/opt/ros/humble', 'LC_TERMINAL': 'iTerm2', 'SSH_CONNECTION': '172.16.67.112 62778 192.168.100.59 22', 'LESSCLOSE': '/usr/bin/lesspipe %s %s', 'XDG_SESSION_CLASS': 'user', 'PYTHONPATH': '/opt/ros/humble/lib/python3.10/site-packages:/opt/ros/humble/local/lib/python3.10/dist-packages', 'TERM': 'xterm-256color', 'LESSOPEN': '| /usr/bin/lesspipe %s', 'USER': 'root', 'CONDA_SHLVL': '2', 'LC_TERMINAL_VERSION': '3.3.7', 'SHLVL': '1', 'XDG_SESSION_ID': '32360', 'CONDA_PYTHON_EXE': '/root/miniconda3/bin/python', 'LD_LIBRARY_PATH': '/opt/ros/humble/opt/rviz_ogre_vendor/lib:/opt/ros/humble/lib/x86_64-linux-gnu:/opt/ros/humble/lib', 'XDG_RUNTIME_DIR': '/run/user/0', 'ROS_LOCALHOST_ONLY': '0', 'SSH_CLIENT': '172.16.67.112 62778 22', 'CONDA_DEFAULT_ENV': 'bottle_python_3_12', 'LC_TIME': 'C.UTF-8', 'XDG_DATA_DIRS': '/usr/local/share:/usr/share:/var/lib/snapd/desktop', 'PATH': '/opt/ros/humble/bin:/root/miniconda3/envs/bottle_python_3_12/bin:/root/miniconda3/condabin:/sbin:/usr/sbin:/usr/local/sbin:/usr/lpp/mmfs/bin:/usr/local/sbin:/usr/local/bin:/usr/sbin:/usr/bin:/sbin:/bin:/usr/games:/usr/local/games:/snap/bin', 'DBUS_SESSION_BUS_ADDRESS': 'unix:path=/run/user/0/bus', 'SSH_TTY': '/dev/pts/5', 'CONDA_PREFIX_1': '/root/miniconda3', 'ROS_DISTRO': 'humble', 'OLDPWD': '/root/bottle', '_': '/root/miniconda3/envs/bottle_python_3_12/bin/python', 'SERVER_NAME': 'localhost', 'GATEWAY_INTERFACE': 'CGI/1.1', 'SERVER_PORT': '8080', 'REMOTE_HOST': '', 'CONTENT_LENGTH': '', 'SCRIPT_NAME': '', 'SERVER_PROTOCOL': 'HTTP/1.1', 'SERVER_SOFTWARE': 'WSGIServer/0.2', 'REQUEST_METHOD': 'GET', 'PATH_INFO': '/private', 'QUERY_STRING': 'password=secret', 'REMOTE_ADDR': '127.0.0.1', 'CONTENT_TYPE': 'text/plain', 'HTTP_HOST': '127.0.0.1:8080', 'HTTP_USER_AGENT': 'curl/7.81.0', 'HTTP_ACCEPT': '*/*', 'wsgi.input': <_io.BufferedReader name=4>, 'wsgi.errors': <_io.TextIOWrapper name='<stderr>' mode='w' encoding='utf-8'>, 'wsgi.version': (1, 0), 'wsgi.run_once': False, 'wsgi.url_scheme': 'http', 'wsgi.multithread': False, 'wsgi.multiprocess': False, 'wsgi.file_wrapper': <class 'wsgiref.util.FileWrapper'>}
./bottle.py Bottle wsgi start_response: <bound method BaseHandler.start_response of <wsgiref.simple_server.ServerHandler object at 0x7ff50fd25700>>
./bottle.py Bottle _handle environ: {'SHELL': '/bin/bash', 'ROS_VERSION': '2', 'CONDA_EXE': '/root/miniconda3/bin/conda', 'ROS_PYTHON_VERSION': '3', 'OLLAMA_MODELS': '/home/zhanghao/edu/ollama/model', 'PWD': '/root/bottle/examples', 'LOGNAME': 'root', 'XDG_SESSION_TYPE': 'tty', 'CONDA_PREFIX': '/root/miniconda3/envs/bottle_python_3_12', 'MOTD_SHOWN': 'pam', 'HOME': '/root', 'LANG': 'C.UTF-8', 'LS_COLORS': 'rs=0:di=01;34:ln=01;36:mh=00:pi=40;33:so=01;35:do=01;35:bd=40;33;01:cd=40;33;01:or=40;31;01:mi=00:su=37;41:sg=30;43:ca=30;41:tw=30;42:ow=34;42:st=37;44:ex=01;32:*.tar=01;31:*.tgz=01;31:*.arc=01;31:*.arj=01;31:*.taz=01;31:*.lha=01;31:*.lz4=01;31:*.lzh=01;31:*.lzma=01;31:*.tlz=01;31:*.txz=01;31:*.tzo=01;31:*.t7z=01;31:*.zip=01;31:*.z=01;31:*.dz=01;31:*.gz=01;31:*.lrz=01;31:*.lz=01;31:*.lzo=01;31:*.xz=01;31:*.zst=01;31:*.tzst=01;31:*.bz2=01;31:*.bz=01;31:*.tbz=01;31:*.tbz2=01;31:*.tz=01;31:*.deb=01;31:*.rpm=01;31:*.jar=01;31:*.war=01;31:*.ear=01;31:*.sar=01;31:*.rar=01;31:*.alz=01;31:*.ace=01;31:*.zoo=01;31:*.cpio=01;31:*.7z=01;31:*.rz=01;31:*.cab=01;31:*.wim=01;31:*.swm=01;31:*.dwm=01;31:*.esd=01;31:*.jpg=01;35:*.jpeg=01;35:*.mjpg=01;35:*.mjpeg=01;35:*.gif=01;35:*.bmp=01;35:*.pbm=01;35:*.pgm=01;35:*.ppm=01;35:*.tga=01;35:*.xbm=01;35:*.xpm=01;35:*.tif=01;35:*.tiff=01;35:*.png=01;35:*.svg=01;35:*.svgz=01;35:*.mng=01;35:*.pcx=01;35:*.mov=01;35:*.mpg=01;35:*.mpeg=01;35:*.m2v=01;35:*.mkv=01;35:*.webm=01;35:*.webp=01;35:*.ogm=01;35:*.mp4=01;35:*.m4v=01;35:*.mp4v=01;35:*.vob=01;35:*.qt=01;35:*.nuv=01;35:*.wmv=01;35:*.asf=01;35:*.rm=01;35:*.rmvb=01;35:*.flc=01;35:*.avi=01;35:*.fli=01;35:*.flv=01;35:*.gl=01;35:*.dl=01;35:*.xcf=01;35:*.xwd=01;35:*.yuv=01;35:*.cgm=01;35:*.emf=01;35:*.ogv=01;35:*.ogx=01;35:*.aac=00;36:*.au=00;36:*.flac=00;36:*.m4a=00;36:*.mid=00;36:*.midi=00;36:*.mka=00;36:*.mp3=00;36:*.mpc=00;36:*.ogg=00;36:*.ra=00;36:*.wav=00;36:*.oga=00;36:*.opus=00;36:*.spx=00;36:*.xspf=00;36:', 'CONDA_PROMPT_MODIFIER': '(bottle_python_3_12) ', 'AMENT_PREFIX_PATH': '/opt/ros/humble', 'LC_TERMINAL': 'iTerm2', 'SSH_CONNECTION': '172.16.67.112 62778 192.168.100.59 22', 'LESSCLOSE': '/usr/bin/lesspipe %s %s', 'XDG_SESSION_CLASS': 'user', 'PYTHONPATH': '/opt/ros/humble/lib/python3.10/site-packages:/opt/ros/humble/local/lib/python3.10/dist-packages', 'TERM': 'xterm-256color', 'LESSOPEN': '| /usr/bin/lesspipe %s', 'USER': 'root', 'CONDA_SHLVL': '2', 'LC_TERMINAL_VERSION': '3.3.7', 'SHLVL': '1', 'XDG_SESSION_ID': '32360', 'CONDA_PYTHON_EXE': '/root/miniconda3/bin/python', 'LD_LIBRARY_PATH': '/opt/ros/humble/opt/rviz_ogre_vendor/lib:/opt/ros/humble/lib/x86_64-linux-gnu:/opt/ros/humble/lib', 'XDG_RUNTIME_DIR': '/run/user/0', 'ROS_LOCALHOST_ONLY': '0', 'SSH_CLIENT': '172.16.67.112 62778 22', 'CONDA_DEFAULT_ENV': 'bottle_python_3_12', 'LC_TIME': 'C.UTF-8', 'XDG_DATA_DIRS': '/usr/local/share:/usr/share:/var/lib/snapd/desktop', 'PATH': '/opt/ros/humble/bin:/root/miniconda3/envs/bottle_python_3_12/bin:/root/miniconda3/condabin:/sbin:/usr/sbin:/usr/local/sbin:/usr/lpp/mmfs/bin:/usr/local/sbin:/usr/local/bin:/usr/sbin:/usr/bin:/sbin:/bin:/usr/games:/usr/local/games:/snap/bin', 'DBUS_SESSION_BUS_ADDRESS': 'unix:path=/run/user/0/bus', 'SSH_TTY': '/dev/pts/5', 'CONDA_PREFIX_1': '/root/miniconda3', 'ROS_DISTRO': 'humble', 'OLDPWD': '/root/bottle', '_': '/root/miniconda3/envs/bottle_python_3_12/bin/python', 'SERVER_NAME': 'localhost', 'GATEWAY_INTERFACE': 'CGI/1.1', 'SERVER_PORT': '8080', 'REMOTE_HOST': '', 'CONTENT_LENGTH': '', 'SCRIPT_NAME': '', 'SERVER_PROTOCOL': 'HTTP/1.1', 'SERVER_SOFTWARE': 'WSGIServer/0.2', 'REQUEST_METHOD': 'GET', 'PATH_INFO': '/private', 'QUERY_STRING': 'password=secret', 'REMOTE_ADDR': '127.0.0.1', 'CONTENT_TYPE': 'text/plain', 'HTTP_HOST': '127.0.0.1:8080', 'HTTP_USER_AGENT': 'curl/7.81.0', 'HTTP_ACCEPT': '*/*', 'wsgi.input': <_io.BufferedReader name=4>, 'wsgi.errors': <_io.TextIOWrapper name='<stderr>' mode='w' encoding='utf-8'>, 'wsgi.version': (1, 0), 'wsgi.run_once': False, 'wsgi.url_scheme': 'http', 'wsgi.multithread': False, 'wsgi.multiprocess': False, 'wsgi.file_wrapper': <class 'wsgiref.util.FileWrapper'>}
./bottle.py BaseRequest __init__ environ: {'SHELL': '/bin/bash', 'ROS_VERSION': '2', 'CONDA_EXE': '/root/miniconda3/bin/conda', 'ROS_PYTHON_VERSION': '3', 'OLLAMA_MODELS': '/home/zhanghao/edu/ollama/model', 'PWD': '/root/bottle/examples', 'LOGNAME': 'root', 'XDG_SESSION_TYPE': 'tty', 'CONDA_PREFIX': '/root/miniconda3/envs/bottle_python_3_12', 'MOTD_SHOWN': 'pam', 'HOME': '/root', 'LANG': 'C.UTF-8', 'LS_COLORS': 'rs=0:di=01;34:ln=01;36:mh=00:pi=40;33:so=01;35:do=01;35:bd=40;33;01:cd=40;33;01:or=40;31;01:mi=00:su=37;41:sg=30;43:ca=30;41:tw=30;42:ow=34;42:st=37;44:ex=01;32:*.tar=01;31:*.tgz=01;31:*.arc=01;31:*.arj=01;31:*.taz=01;31:*.lha=01;31:*.lz4=01;31:*.lzh=01;31:*.lzma=01;31:*.tlz=01;31:*.txz=01;31:*.tzo=01;31:*.t7z=01;31:*.zip=01;31:*.z=01;31:*.dz=01;31:*.gz=01;31:*.lrz=01;31:*.lz=01;31:*.lzo=01;31:*.xz=01;31:*.zst=01;31:*.tzst=01;31:*.bz2=01;31:*.bz=01;31:*.tbz=01;31:*.tbz2=01;31:*.tz=01;31:*.deb=01;31:*.rpm=01;31:*.jar=01;31:*.war=01;31:*.ear=01;31:*.sar=01;31:*.rar=01;31:*.alz=01;31:*.ace=01;31:*.zoo=01;31:*.cpio=01;31:*.7z=01;31:*.rz=01;31:*.cab=01;31:*.wim=01;31:*.swm=01;31:*.dwm=01;31:*.esd=01;31:*.jpg=01;35:*.jpeg=01;35:*.mjpg=01;35:*.mjpeg=01;35:*.gif=01;35:*.bmp=01;35:*.pbm=01;35:*.pgm=01;35:*.ppm=01;35:*.tga=01;35:*.xbm=01;35:*.xpm=01;35:*.tif=01;35:*.tiff=01;35:*.png=01;35:*.svg=01;35:*.svgz=01;35:*.mng=01;35:*.pcx=01;35:*.mov=01;35:*.mpg=01;35:*.mpeg=01;35:*.m2v=01;35:*.mkv=01;35:*.webm=01;35:*.webp=01;35:*.ogm=01;35:*.mp4=01;35:*.m4v=01;35:*.mp4v=01;35:*.vob=01;35:*.qt=01;35:*.nuv=01;35:*.wmv=01;35:*.asf=01;35:*.rm=01;35:*.rmvb=01;35:*.flc=01;35:*.avi=01;35:*.fli=01;35:*.flv=01;35:*.gl=01;35:*.dl=01;35:*.xcf=01;35:*.xwd=01;35:*.yuv=01;35:*.cgm=01;35:*.emf=01;35:*.ogv=01;35:*.ogx=01;35:*.aac=00;36:*.au=00;36:*.flac=00;36:*.m4a=00;36:*.mid=00;36:*.midi=00;36:*.mka=00;36:*.mp3=00;36:*.mpc=00;36:*.ogg=00;36:*.ra=00;36:*.wav=00;36:*.oga=00;36:*.opus=00;36:*.spx=00;36:*.xspf=00;36:', 'CONDA_PROMPT_MODIFIER': '(bottle_python_3_12) ', 'AMENT_PREFIX_PATH': '/opt/ros/humble', 'LC_TERMINAL': 'iTerm2', 'SSH_CONNECTION': '172.16.67.112 62778 192.168.100.59 22', 'LESSCLOSE': '/usr/bin/lesspipe %s %s', 'XDG_SESSION_CLASS': 'user', 'PYTHONPATH': '/opt/ros/humble/lib/python3.10/site-packages:/opt/ros/humble/local/lib/python3.10/dist-packages', 'TERM': 'xterm-256color', 'LESSOPEN': '| /usr/bin/lesspipe %s', 'USER': 'root', 'CONDA_SHLVL': '2', 'LC_TERMINAL_VERSION': '3.3.7', 'SHLVL': '1', 'XDG_SESSION_ID': '32360', 'CONDA_PYTHON_EXE': '/root/miniconda3/bin/python', 'LD_LIBRARY_PATH': '/opt/ros/humble/opt/rviz_ogre_vendor/lib:/opt/ros/humble/lib/x86_64-linux-gnu:/opt/ros/humble/lib', 'XDG_RUNTIME_DIR': '/run/user/0', 'ROS_LOCALHOST_ONLY': '0', 'SSH_CLIENT': '172.16.67.112 62778 22', 'CONDA_DEFAULT_ENV': 'bottle_python_3_12', 'LC_TIME': 'C.UTF-8', 'XDG_DATA_DIRS': '/usr/local/share:/usr/share:/var/lib/snapd/desktop', 'PATH': '/opt/ros/humble/bin:/root/miniconda3/envs/bottle_python_3_12/bin:/root/miniconda3/condabin:/sbin:/usr/sbin:/usr/local/sbin:/usr/lpp/mmfs/bin:/usr/local/sbin:/usr/local/bin:/usr/sbin:/usr/bin:/sbin:/bin:/usr/games:/usr/local/games:/snap/bin', 'DBUS_SESSION_BUS_ADDRESS': 'unix:path=/run/user/0/bus', 'SSH_TTY': '/dev/pts/5', 'CONDA_PREFIX_1': '/root/miniconda3', 'ROS_DISTRO': 'humble', 'OLDPWD': '/root/bottle', '_': '/root/miniconda3/envs/bottle_python_3_12/bin/python', 'SERVER_NAME': 'localhost', 'GATEWAY_INTERFACE': 'CGI/1.1', 'SERVER_PORT': '8080', 'REMOTE_HOST': '', 'CONTENT_LENGTH': '', 'SCRIPT_NAME': '', 'SERVER_PROTOCOL': 'HTTP/1.1', 'SERVER_SOFTWARE': 'WSGIServer/0.2', 'REQUEST_METHOD': 'GET', 'PATH_INFO': '/private', 'QUERY_STRING': 'password=secret', 'REMOTE_ADDR': '127.0.0.1', 'CONTENT_TYPE': 'text/plain', 'HTTP_HOST': '127.0.0.1:8080', 'HTTP_USER_AGENT': 'curl/7.81.0', 'HTTP_ACCEPT': '*/*', 'wsgi.input': <_io.BufferedReader name=4>, 'wsgi.errors': <_io.TextIOWrapper name='<stderr>' mode='w' encoding='utf-8'>, 'wsgi.version': (1, 0), 'wsgi.run_once': False, 'wsgi.url_scheme': 'http', 'wsgi.multithread': False, 'wsgi.multiprocess': False, 'wsgi.file_wrapper': <class 'wsgiref.util.FileWrapper'>, 'bottle.raw_path': '/private', 'bottle.app': <bottle.Bottle object at 0x7ff510a3f050>}
./bottle.py BaseRequest __setattr__ name: environ
./bottle.py BaseRequest __setattr__ value: {'SHELL': '/bin/bash', 'ROS_VERSION': '2', 'CONDA_EXE': '/root/miniconda3/bin/conda', 'ROS_PYTHON_VERSION': '3', 'OLLAMA_MODELS': '/home/zhanghao/edu/ollama/model', 'PWD': '/root/bottle/examples', 'LOGNAME': 'root', 'XDG_SESSION_TYPE': 'tty', 'CONDA_PREFIX': '/root/miniconda3/envs/bottle_python_3_12', 'MOTD_SHOWN': 'pam', 'HOME': '/root', 'LANG': 'C.UTF-8', 'LS_COLORS': 'rs=0:di=01;34:ln=01;36:mh=00:pi=40;33:so=01;35:do=01;35:bd=40;33;01:cd=40;33;01:or=40;31;01:mi=00:su=37;41:sg=30;43:ca=30;41:tw=30;42:ow=34;42:st=37;44:ex=01;32:*.tar=01;31:*.tgz=01;31:*.arc=01;31:*.arj=01;31:*.taz=01;31:*.lha=01;31:*.lz4=01;31:*.lzh=01;31:*.lzma=01;31:*.tlz=01;31:*.txz=01;31:*.tzo=01;31:*.t7z=01;31:*.zip=01;31:*.z=01;31:*.dz=01;31:*.gz=01;31:*.lrz=01;31:*.lz=01;31:*.lzo=01;31:*.xz=01;31:*.zst=01;31:*.tzst=01;31:*.bz2=01;31:*.bz=01;31:*.tbz=01;31:*.tbz2=01;31:*.tz=01;31:*.deb=01;31:*.rpm=01;31:*.jar=01;31:*.war=01;31:*.ear=01;31:*.sar=01;31:*.rar=01;31:*.alz=01;31:*.ace=01;31:*.zoo=01;31:*.cpio=01;31:*.7z=01;31:*.rz=01;31:*.cab=01;31:*.wim=01;31:*.swm=01;31:*.dwm=01;31:*.esd=01;31:*.jpg=01;35:*.jpeg=01;35:*.mjpg=01;35:*.mjpeg=01;35:*.gif=01;35:*.bmp=01;35:*.pbm=01;35:*.pgm=01;35:*.ppm=01;35:*.tga=01;35:*.xbm=01;35:*.xpm=01;35:*.tif=01;35:*.tiff=01;35:*.png=01;35:*.svg=01;35:*.svgz=01;35:*.mng=01;35:*.pcx=01;35:*.mov=01;35:*.mpg=01;35:*.mpeg=01;35:*.m2v=01;35:*.mkv=01;35:*.webm=01;35:*.webp=01;35:*.ogm=01;35:*.mp4=01;35:*.m4v=01;35:*.mp4v=01;35:*.vob=01;35:*.qt=01;35:*.nuv=01;35:*.wmv=01;35:*.asf=01;35:*.rm=01;35:*.rmvb=01;35:*.flc=01;35:*.avi=01;35:*.fli=01;35:*.flv=01;35:*.gl=01;35:*.dl=01;35:*.xcf=01;35:*.xwd=01;35:*.yuv=01;35:*.cgm=01;35:*.emf=01;35:*.ogv=01;35:*.ogx=01;35:*.aac=00;36:*.au=00;36:*.flac=00;36:*.m4a=00;36:*.mid=00;36:*.midi=00;36:*.mka=00;36:*.mp3=00;36:*.mpc=00;36:*.ogg=00;36:*.ra=00;36:*.wav=00;36:*.oga=00;36:*.opus=00;36:*.spx=00;36:*.xspf=00;36:', 'CONDA_PROMPT_MODIFIER': '(bottle_python_3_12) ', 'AMENT_PREFIX_PATH': '/opt/ros/humble', 'LC_TERMINAL': 'iTerm2', 'SSH_CONNECTION': '172.16.67.112 62778 192.168.100.59 22', 'LESSCLOSE': '/usr/bin/lesspipe %s %s', 'XDG_SESSION_CLASS': 'user', 'PYTHONPATH': '/opt/ros/humble/lib/python3.10/site-packages:/opt/ros/humble/local/lib/python3.10/dist-packages', 'TERM': 'xterm-256color', 'LESSOPEN': '| /usr/bin/lesspipe %s', 'USER': 'root', 'CONDA_SHLVL': '2', 'LC_TERMINAL_VERSION': '3.3.7', 'SHLVL': '1', 'XDG_SESSION_ID': '32360', 'CONDA_PYTHON_EXE': '/root/miniconda3/bin/python', 'LD_LIBRARY_PATH': '/opt/ros/humble/opt/rviz_ogre_vendor/lib:/opt/ros/humble/lib/x86_64-linux-gnu:/opt/ros/humble/lib', 'XDG_RUNTIME_DIR': '/run/user/0', 'ROS_LOCALHOST_ONLY': '0', 'SSH_CLIENT': '172.16.67.112 62778 22', 'CONDA_DEFAULT_ENV': 'bottle_python_3_12', 'LC_TIME': 'C.UTF-8', 'XDG_DATA_DIRS': '/usr/local/share:/usr/share:/var/lib/snapd/desktop', 'PATH': '/opt/ros/humble/bin:/root/miniconda3/envs/bottle_python_3_12/bin:/root/miniconda3/condabin:/sbin:/usr/sbin:/usr/local/sbin:/usr/lpp/mmfs/bin:/usr/local/sbin:/usr/local/bin:/usr/sbin:/usr/bin:/sbin:/bin:/usr/games:/usr/local/games:/snap/bin', 'DBUS_SESSION_BUS_ADDRESS': 'unix:path=/run/user/0/bus', 'SSH_TTY': '/dev/pts/5', 'CONDA_PREFIX_1': '/root/miniconda3', 'ROS_DISTRO': 'humble', 'OLDPWD': '/root/bottle', '_': '/root/miniconda3/envs/bottle_python_3_12/bin/python', 'SERVER_NAME': 'localhost', 'GATEWAY_INTERFACE': 'CGI/1.1', 'SERVER_PORT': '8080', 'REMOTE_HOST': '', 'CONTENT_LENGTH': '', 'SCRIPT_NAME': '', 'SERVER_PROTOCOL': 'HTTP/1.1', 'SERVER_SOFTWARE': 'WSGIServer/0.2', 'REQUEST_METHOD': 'GET', 'PATH_INFO': '/private', 'QUERY_STRING': 'password=secret', 'REMOTE_ADDR': '127.0.0.1', 'CONTENT_TYPE': 'text/plain', 'HTTP_HOST': '127.0.0.1:8080', 'HTTP_USER_AGENT': 'curl/7.81.0', 'HTTP_ACCEPT': '*/*', 'wsgi.input': <_io.BufferedReader name=4>, 'wsgi.errors': <_io.TextIOWrapper name='<stderr>' mode='w' encoding='utf-8'>, 'wsgi.version': (1, 0), 'wsgi.run_once': False, 'wsgi.url_scheme': 'http', 'wsgi.multithread': False, 'wsgi.multiprocess': False, 'wsgi.file_wrapper': <class 'wsgiref.util.FileWrapper'>, 'bottle.raw_path': '/private', 'bottle.app': <bottle.Bottle object at 0x7ff510a3f050>}
./bottle.py _local_property fset value: {'SHELL': '/bin/bash', 'ROS_VERSION': '2', 'CONDA_EXE': '/root/miniconda3/bin/conda', 'ROS_PYTHON_VERSION': '3', 'OLLAMA_MODELS': '/home/zhanghao/edu/ollama/model', 'PWD': '/root/bottle/examples', 'LOGNAME': 'root', 'XDG_SESSION_TYPE': 'tty', 'CONDA_PREFIX': '/root/miniconda3/envs/bottle_python_3_12', 'MOTD_SHOWN': 'pam', 'HOME': '/root', 'LANG': 'C.UTF-8', 'LS_COLORS': 'rs=0:di=01;34:ln=01;36:mh=00:pi=40;33:so=01;35:do=01;35:bd=40;33;01:cd=40;33;01:or=40;31;01:mi=00:su=37;41:sg=30;43:ca=30;41:tw=30;42:ow=34;42:st=37;44:ex=01;32:*.tar=01;31:*.tgz=01;31:*.arc=01;31:*.arj=01;31:*.taz=01;31:*.lha=01;31:*.lz4=01;31:*.lzh=01;31:*.lzma=01;31:*.tlz=01;31:*.txz=01;31:*.tzo=01;31:*.t7z=01;31:*.zip=01;31:*.z=01;31:*.dz=01;31:*.gz=01;31:*.lrz=01;31:*.lz=01;31:*.lzo=01;31:*.xz=01;31:*.zst=01;31:*.tzst=01;31:*.bz2=01;31:*.bz=01;31:*.tbz=01;31:*.tbz2=01;31:*.tz=01;31:*.deb=01;31:*.rpm=01;31:*.jar=01;31:*.war=01;31:*.ear=01;31:*.sar=01;31:*.rar=01;31:*.alz=01;31:*.ace=01;31:*.zoo=01;31:*.cpio=01;31:*.7z=01;31:*.rz=01;31:*.cab=01;31:*.wim=01;31:*.swm=01;31:*.dwm=01;31:*.esd=01;31:*.jpg=01;35:*.jpeg=01;35:*.mjpg=01;35:*.mjpeg=01;35:*.gif=01;35:*.bmp=01;35:*.pbm=01;35:*.pgm=01;35:*.ppm=01;35:*.tga=01;35:*.xbm=01;35:*.xpm=01;35:*.tif=01;35:*.tiff=01;35:*.png=01;35:*.svg=01;35:*.svgz=01;35:*.mng=01;35:*.pcx=01;35:*.mov=01;35:*.mpg=01;35:*.mpeg=01;35:*.m2v=01;35:*.mkv=01;35:*.webm=01;35:*.webp=01;35:*.ogm=01;35:*.mp4=01;35:*.m4v=01;35:*.mp4v=01;35:*.vob=01;35:*.qt=01;35:*.nuv=01;35:*.wmv=01;35:*.asf=01;35:*.rm=01;35:*.rmvb=01;35:*.flc=01;35:*.avi=01;35:*.fli=01;35:*.flv=01;35:*.gl=01;35:*.dl=01;35:*.xcf=01;35:*.xwd=01;35:*.yuv=01;35:*.cgm=01;35:*.emf=01;35:*.ogv=01;35:*.ogx=01;35:*.aac=00;36:*.au=00;36:*.flac=00;36:*.m4a=00;36:*.mid=00;36:*.midi=00;36:*.mka=00;36:*.mp3=00;36:*.mpc=00;36:*.ogg=00;36:*.ra=00;36:*.wav=00;36:*.oga=00;36:*.opus=00;36:*.spx=00;36:*.xspf=00;36:', 'CONDA_PROMPT_MODIFIER': '(bottle_python_3_12) ', 'AMENT_PREFIX_PATH': '/opt/ros/humble', 'LC_TERMINAL': 'iTerm2', 'SSH_CONNECTION': '172.16.67.112 62778 192.168.100.59 22', 'LESSCLOSE': '/usr/bin/lesspipe %s %s', 'XDG_SESSION_CLASS': 'user', 'PYTHONPATH': '/opt/ros/humble/lib/python3.10/site-packages:/opt/ros/humble/local/lib/python3.10/dist-packages', 'TERM': 'xterm-256color', 'LESSOPEN': '| /usr/bin/lesspipe %s', 'USER': 'root', 'CONDA_SHLVL': '2', 'LC_TERMINAL_VERSION': '3.3.7', 'SHLVL': '1', 'XDG_SESSION_ID': '32360', 'CONDA_PYTHON_EXE': '/root/miniconda3/bin/python', 'LD_LIBRARY_PATH': '/opt/ros/humble/opt/rviz_ogre_vendor/lib:/opt/ros/humble/lib/x86_64-linux-gnu:/opt/ros/humble/lib', 'XDG_RUNTIME_DIR': '/run/user/0', 'ROS_LOCALHOST_ONLY': '0', 'SSH_CLIENT': '172.16.67.112 62778 22', 'CONDA_DEFAULT_ENV': 'bottle_python_3_12', 'LC_TIME': 'C.UTF-8', 'XDG_DATA_DIRS': '/usr/local/share:/usr/share:/var/lib/snapd/desktop', 'PATH': '/opt/ros/humble/bin:/root/miniconda3/envs/bottle_python_3_12/bin:/root/miniconda3/condabin:/sbin:/usr/sbin:/usr/local/sbin:/usr/lpp/mmfs/bin:/usr/local/sbin:/usr/local/bin:/usr/sbin:/usr/bin:/sbin:/bin:/usr/games:/usr/local/games:/snap/bin', 'DBUS_SESSION_BUS_ADDRESS': 'unix:path=/run/user/0/bus', 'SSH_TTY': '/dev/pts/5', 'CONDA_PREFIX_1': '/root/miniconda3', 'ROS_DISTRO': 'humble', 'OLDPWD': '/root/bottle', '_': '/root/miniconda3/envs/bottle_python_3_12/bin/python', 'SERVER_NAME': 'localhost', 'GATEWAY_INTERFACE': 'CGI/1.1', 'SERVER_PORT': '8080', 'REMOTE_HOST': '', 'CONTENT_LENGTH': '', 'SCRIPT_NAME': '', 'SERVER_PROTOCOL': 'HTTP/1.1', 'SERVER_SOFTWARE': 'WSGIServer/0.2', 'REQUEST_METHOD': 'GET', 'PATH_INFO': '/private', 'QUERY_STRING': 'password=secret', 'REMOTE_ADDR': '127.0.0.1', 'CONTENT_TYPE': 'text/plain', 'HTTP_HOST': '127.0.0.1:8080', 'HTTP_USER_AGENT': 'curl/7.81.0', 'HTTP_ACCEPT': '*/*', 'wsgi.input': <_io.BufferedReader name=4>, 'wsgi.errors': <_io.TextIOWrapper name='<stderr>' mode='w' encoding='utf-8'>, 'wsgi.version': (1, 0), 'wsgi.run_once': False, 'wsgi.url_scheme': 'http', 'wsgi.multithread': False, 'wsgi.multiprocess': False, 'wsgi.file_wrapper': <class 'wsgiref.util.FileWrapper'>, 'bottle.raw_path': '/private', 'bottle.app': <bottle.Bottle object at 0x7ff510a3f050>}
./bottle.py BaseResponse __init__ body:
./bottle.py BaseResponse __init__ status: None
./bottle.py BaseResponse __init__ headers: None
./bottle.py BaseResponse __init__ more_headers: {}
./bottle.py _local_property fset value: None
./bottle.py _local_property fset value: {}
./bottle.py _local_property fset value:
./bottle.py BaseResponse _set_status status: 200
./bottle.py _local_property fset value: 200
./bottle.py _local_property fset value: 200 OK
./bottle.py Bottle trigger_hook __name: before_request
./bottle.py Bottle trigger_hook args: ()
./bottle.py Bottle trigger_hook kwargs: {}
./bottle.py Router match environ: {'SHELL': '/bin/bash', 'ROS_VERSION': '2', 'CONDA_EXE': '/root/miniconda3/bin/conda', 'ROS_PYTHON_VERSION': '3', 'OLLAMA_MODELS': '/home/zhanghao/edu/ollama/model', 'PWD': '/root/bottle/examples', 'LOGNAME': 'root', 'XDG_SESSION_TYPE': 'tty', 'CONDA_PREFIX': '/root/miniconda3/envs/bottle_python_3_12', 'MOTD_SHOWN': 'pam', 'HOME': '/root', 'LANG': 'C.UTF-8', 'LS_COLORS': 'rs=0:di=01;34:ln=01;36:mh=00:pi=40;33:so=01;35:do=01;35:bd=40;33;01:cd=40;33;01:or=40;31;01:mi=00:su=37;41:sg=30;43:ca=30;41:tw=30;42:ow=34;42:st=37;44:ex=01;32:*.tar=01;31:*.tgz=01;31:*.arc=01;31:*.arj=01;31:*.taz=01;31:*.lha=01;31:*.lz4=01;31:*.lzh=01;31:*.lzma=01;31:*.tlz=01;31:*.txz=01;31:*.tzo=01;31:*.t7z=01;31:*.zip=01;31:*.z=01;31:*.dz=01;31:*.gz=01;31:*.lrz=01;31:*.lz=01;31:*.lzo=01;31:*.xz=01;31:*.zst=01;31:*.tzst=01;31:*.bz2=01;31:*.bz=01;31:*.tbz=01;31:*.tbz2=01;31:*.tz=01;31:*.deb=01;31:*.rpm=01;31:*.jar=01;31:*.war=01;31:*.ear=01;31:*.sar=01;31:*.rar=01;31:*.alz=01;31:*.ace=01;31:*.zoo=01;31:*.cpio=01;31:*.7z=01;31:*.rz=01;31:*.cab=01;31:*.wim=01;31:*.swm=01;31:*.dwm=01;31:*.esd=01;31:*.jpg=01;35:*.jpeg=01;35:*.mjpg=01;35:*.mjpeg=01;35:*.gif=01;35:*.bmp=01;35:*.pbm=01;35:*.pgm=01;35:*.ppm=01;35:*.tga=01;35:*.xbm=01;35:*.xpm=01;35:*.tif=01;35:*.tiff=01;35:*.png=01;35:*.svg=01;35:*.svgz=01;35:*.mng=01;35:*.pcx=01;35:*.mov=01;35:*.mpg=01;35:*.mpeg=01;35:*.m2v=01;35:*.mkv=01;35:*.webm=01;35:*.webp=01;35:*.ogm=01;35:*.mp4=01;35:*.m4v=01;35:*.mp4v=01;35:*.vob=01;35:*.qt=01;35:*.nuv=01;35:*.wmv=01;35:*.asf=01;35:*.rm=01;35:*.rmvb=01;35:*.flc=01;35:*.avi=01;35:*.fli=01;35:*.flv=01;35:*.gl=01;35:*.dl=01;35:*.xcf=01;35:*.xwd=01;35:*.yuv=01;35:*.cgm=01;35:*.emf=01;35:*.ogv=01;35:*.ogx=01;35:*.aac=00;36:*.au=00;36:*.flac=00;36:*.m4a=00;36:*.mid=00;36:*.midi=00;36:*.mka=00;36:*.mp3=00;36:*.mpc=00;36:*.ogg=00;36:*.ra=00;36:*.wav=00;36:*.oga=00;36:*.opus=00;36:*.spx=00;36:*.xspf=00;36:', 'CONDA_PROMPT_MODIFIER': '(bottle_python_3_12) ', 'AMENT_PREFIX_PATH': '/opt/ros/humble', 'LC_TERMINAL': 'iTerm2', 'SSH_CONNECTION': '172.16.67.112 62778 192.168.100.59 22', 'LESSCLOSE': '/usr/bin/lesspipe %s %s', 'XDG_SESSION_CLASS': 'user', 'PYTHONPATH': '/opt/ros/humble/lib/python3.10/site-packages:/opt/ros/humble/local/lib/python3.10/dist-packages', 'TERM': 'xterm-256color', 'LESSOPEN': '| /usr/bin/lesspipe %s', 'USER': 'root', 'CONDA_SHLVL': '2', 'LC_TERMINAL_VERSION': '3.3.7', 'SHLVL': '1', 'XDG_SESSION_ID': '32360', 'CONDA_PYTHON_EXE': '/root/miniconda3/bin/python', 'LD_LIBRARY_PATH': '/opt/ros/humble/opt/rviz_ogre_vendor/lib:/opt/ros/humble/lib/x86_64-linux-gnu:/opt/ros/humble/lib', 'XDG_RUNTIME_DIR': '/run/user/0', 'ROS_LOCALHOST_ONLY': '0', 'SSH_CLIENT': '172.16.67.112 62778 22', 'CONDA_DEFAULT_ENV': 'bottle_python_3_12', 'LC_TIME': 'C.UTF-8', 'XDG_DATA_DIRS': '/usr/local/share:/usr/share:/var/lib/snapd/desktop', 'PATH': '/opt/ros/humble/bin:/root/miniconda3/envs/bottle_python_3_12/bin:/root/miniconda3/condabin:/sbin:/usr/sbin:/usr/local/sbin:/usr/lpp/mmfs/bin:/usr/local/sbin:/usr/local/bin:/usr/sbin:/usr/bin:/sbin:/bin:/usr/games:/usr/local/games:/snap/bin', 'DBUS_SESSION_BUS_ADDRESS': 'unix:path=/run/user/0/bus', 'SSH_TTY': '/dev/pts/5', 'CONDA_PREFIX_1': '/root/miniconda3', 'ROS_DISTRO': 'humble', 'OLDPWD': '/root/bottle', '_': '/root/miniconda3/envs/bottle_python_3_12/bin/python', 'SERVER_NAME': 'localhost', 'GATEWAY_INTERFACE': 'CGI/1.1', 'SERVER_PORT': '8080', 'REMOTE_HOST': '', 'CONTENT_LENGTH': '', 'SCRIPT_NAME': '', 'SERVER_PROTOCOL': 'HTTP/1.1', 'SERVER_SOFTWARE': 'WSGIServer/0.2', 'REQUEST_METHOD': 'GET', 'PATH_INFO': '/private', 'QUERY_STRING': 'password=secret', 'REMOTE_ADDR': '127.0.0.1', 'CONTENT_TYPE': 'text/plain', 'HTTP_HOST': '127.0.0.1:8080', 'HTTP_USER_AGENT': 'curl/7.81.0', 'HTTP_ACCEPT': '*/*', 'wsgi.input': <_io.BufferedReader name=4>, 'wsgi.errors': <_io.TextIOWrapper name='<stderr>' mode='w' encoding='utf-8'>, 'wsgi.version': (1, 0), 'wsgi.run_once': False, 'wsgi.url_scheme': 'http', 'wsgi.multithread': False, 'wsgi.multiprocess': False, 'wsgi.file_wrapper': <class 'wsgiref.util.FileWrapper'>, 'bottle.raw_path': '/private', 'bottle.app': <bottle.Bottle object at 0x7ff510a3f050>, 'bottle.request': <LocalRequest: GET http://127.0.0.1:8080/private?password=secret>, 'bottle.request.urlparts': SplitResult(scheme='http', netloc='127.0.0.1:8080', path='/private', query='password=secret', fragment='')}
./bottle.py MultiDict __init__ a: ()
./bottle.py MultiDict __init__ k: {}
./bottle.py _parse_qsl qs: password=secret
./bottle.py MultiDict __setitem__ key: password
./bottle.py MultiDict __setitem__ value: secret
./bottle.py MultiDict append key: password
./bottle.py MultiDict append value: secret
./bottle.py MultiDict get key: password
./bottle.py MultiDict get default:
./bottle.py MultiDict get index: -1
./bottle.py MultiDict get type: None
./bottle.py Bottle trigger_hook __name: after_request
./bottle.py Bottle trigger_hook args: ()
./bottle.py Bottle trigger_hook kwargs: {}
./bottle.py Bottle _cast out: Welcome!
./bottle.py Bottle _cast peek: None
./bottle.py BaseResponse charset default: UTF-8
./bottle.py HeaderProperty __get__ obj: Content-Type: text/html; charset=UTF-8

./bottle.py BaseResponse get_header name: Content-Type
./bottle.py BaseResponse get_header default:
./bottle.py _hkey key: Content-Type
./bottle.py BaseResponse __contains__ name: Content-Length
./bottle.py _hkey key: Content-Length
./bottle.py BaseResponse __setitem__ name: Content-Length
./bottle.py BaseResponse __setitem__ value: 8
./bottle.py _hval value: 8
./bottle.py touni s: 8
./bottle.py touni enc: utf8
./bottle.py touni err: strict
./bottle.py _hkey key: Content-Length
127.0.0.1 - - [12/Dec/2025 16:02:17] "GET /private?password=secret HTTP/1.1" 200 8

----------------------------------------------------------------------------------------------------------------------------------------------------------------

----------------------------------------------------------------------------------------------------------------------------------------------------------------

----------------------------------------------------------------------------------------------------------------------------------------------------------------

----------------------------------------------------------------------------------------------------------------------------------------------------------------

----------------------------------------------------------------------------------------------------------------------------------------------------------------

----------------------------------------------------------------------------------------------------------------------------------------------------------------

----------------------------------------------------------------------------------------------------------------------------------------------------------------

----------------------------------------------------------------------------------------------------------------------------------------------------------------

